[{"model": "backend.home", "pk": 1, "fields": {"owner": ["david"], "name": "Thuis", "country": "", "city": "", "zipcode": "", "street": "", "house_number": "", "date_added": "2016-03-06T19:48:15.997"}}, {"model": "backend.home", "pk": 2, "fields": {"owner": ["filip"], "name": "Thuis", "country": "", "city": "", "zipcode": "", "street": "", "house_number": "", "date_added": "2016-03-06T19:48:16.035"}}, {"model": "backend.home", "pk": 3, "fields": {"owner": ["jens"], "name": "Thuis", "country": "", "city": "", "zipcode": "", "street": "", "house_number": "", "date_added": "2016-03-06T19:48:16.069"}}, {"model": "backend.home", "pk": 4, "fields": {"owner": ["thanh_danh"], "name": "Thuis", "country": "", "city": "", "zipcode": "", "street": "", "house_number": "", "date_added": "2016-03-06T19:48:16.109"}}, {"model": "backend.home", "pk": 5, "fields": {"owner": ["nisse"], "name": "Thuis", "country": "", "city": "", "zipcode": "", "street": "", "house_number": "", "date_added": "2016-03-06T19:48:16.141"}}, {"model": "backend.home", "pk": 6, "fields": {"owner": ["david"], "name": "Vakantiehuis", "country": "", "city": "", "zipcode": "", "street": "", "house_number": "", "date_added": "2016-03-06T19:48:16.175"}}, {"model": "backend.home", "pk": 7, "fields": {"owner": ["filip"], "name": "Vakantiehuis", "country": "", "city": "", "zipcode": "", "street": "", "house_number": "", "date_added": "2016-03-06T19:48:16.205"}}, {"model": "backend.home", "pk": 8, "fields": {"owner": ["jens"], "name": "Vakantiehuis", "country": "", "city": "", "zipcode": "", "street": "", "house_number": "", "date_added": "2016-03-06T19:48:16.237"}}, {"model": "backend.home", "pk": 9, "fields": {"owner": ["thanh_danh"], "name": "Vakantiehuis", "country": "", "city": "", "zipcode": "", "street": "", "house_number": "", "date_added": "2016-03-06T19:48:16.273"}}, {"model": "backend.home", "pk": 10, "fields": {"owner": ["nisse"], "name": "Vakantiehuis", "country": "", "city": "", "zipcode": "", "street": "", "house_number": "", "date_added": "2016-03-06T19:48:16.314"}}, {"model": "backend.sensor", "pk": 1, "fields": {"home": 1, "name": "Fridge freezer", "description": "", "power_unit": "Wh", "date_created": "2016-03-06T19:48:16.001"}}, {"model": "backend.sensor", "pk": 2, "fields": {"home": 1, "name": "Answer machine", "description": "", "power_unit": "Wh", "date_created": "2016-03-06T19:48:16.004"}}, {"model": "backend.sensor", "pk": 3, "fields": {"home": 1, "name": "Cassette / CD Player", "description": "", "power_unit": "Wh", "date_created": "2016-03-06T19:48:16.005"}}, {"model": "backend.sensor", "pk": 4, "fields": {"home": 1, "name": "Cordless telephone", "description": "", "power_unit": "Wh", "date_created": "2016-03-06T19:48:16.008"}}, {"model": "backend.sensor", "pk": 5, "fields": {"home": 1, "name": "Hi-Fi", "description": "", "power_unit": "Wh", "date_created": "2016-03-06T19:48:16.009"}}, {"model": "backend.sensor", "pk": 6, "fields": {"home": 1, "name": "Iron", "description": "", "power_unit": "Wh", "date_created": "2016-03-06T19:48:16.011"}}, {"model": "backend.sensor", "pk": 7, "fields": {"home": 1, "name": "Vacuum", "description": "", "power_unit": "Wh", "date_created": "2016-03-06T19:48:16.013"}}, {"model": "backend.sensor", "pk": 8, "fields": {"home": 1, "name": "Fax", "description": "", "power_unit": "Wh", "date_created": "2016-03-06T19:48:16.016"}}, {"model": "backend.sensor", "pk": 9, "fields": {"home": 1, "name": "TV 1", "description": "", "power_unit": "Wh", "date_created": "2016-03-06T19:48:16.018"}}, {"model": "backend.sensor", "pk": 10, "fields": {"home": 1, "name": "VCR / DVD", "description": "", "power_unit": "Wh", "date_created": "2016-03-06T19:48:16.020"}}, {"model": "backend.sensor", "pk": 11, "fields": {"home": 1, "name": "TV Receiver box", "description": "", "power_unit": "Wh", "date_created": "2016-03-06T19:48:16.021"}}, {"model": "backend.sensor", "pk": 12, "fields": {"home": 1, "name": "Oven", "description": "", "power_unit": "Wh", "date_created": "2016-03-06T19:48:16.024"}}, {"model": "backend.sensor", "pk": 13, "fields": {"home": 1, "name": "Kettle", "description": "", "power_unit": "Wh", "date_created": "2016-03-06T19:48:16.026"}}, {"model": "backend.sensor", "pk": 14, "fields": {"home": 1, "name": "Small cooking (group)", "description": "", "power_unit": "Wh", "date_created": "2016-03-06T19:48:16.028"}}, {"model": "backend.sensor", "pk": 15, "fields": {"home": 1, "name": "Tumble dryer", "description": "", "power_unit": "Wh", "date_created": "2016-03-06T19:48:16.030"}}, {"model": "backend.sensor", "pk": 16, "fields": {"home": 1, "name": "Washing machine", "description": "", "power_unit": "Wh", "date_created": "2016-03-06T19:48:16.032"}}, {"model": "backend.sensor", "pk": 17, "fields": {"home": 1, "name": "Electric shower", "description": "", "power_unit": "Wh", "date_created": "2016-03-06T19:48:16.034"}}, {"model": "backend.sensor", "pk": 18, "fields": {"home": 2, "name": "Answer machine", "description": "", "power_unit": "Wh", "date_created": "2016-03-06T19:48:16.037"}}, {"model": "backend.sensor", "pk": 19, "fields": {"home": 2, "name": "Cassette / CD Player", "description": "", "power_unit": "Wh", "date_created": "2016-03-06T19:48:16.038"}}, {"model": "backend.sensor", "pk": 20, "fields": {"home": 2, "name": "Clock", "description": "", "power_unit": "Wh", "date_created": "2016-03-06T19:48:16.040"}}, {"model": "backend.sensor", "pk": 21, "fields": {"home": 2, "name": "Cordless telephone", "description": "", "power_unit": "Wh", "date_created": "2016-03-06T19:48:16.042"}}, {"model": "backend.sensor", "pk": 22, "fields": {"home": 2, "name": "Hi-Fi", "description": "", "power_unit": "Wh", "date_created": "2016-03-06T19:48:16.044"}}, {"model": "backend.sensor", "pk": 23, "fields": {"home": 2, "name": "Iron", "description": "", "power_unit": "Wh", "date_created": "2016-03-06T19:48:16.046"}}, {"model": "backend.sensor", "pk": 24, "fields": {"home": 2, "name": "Vacuum", "description": "", "power_unit": "Wh", "date_created": "2016-03-06T19:48:16.048"}}, {"model": "backend.sensor", "pk": 25, "fields": {"home": 2, "name": "Fax", "description": "", "power_unit": "Wh", "date_created": "2016-03-06T19:48:16.049"}}, {"model": "backend.sensor", "pk": 26, "fields": {"home": 2, "name": "Personal computer", "description": "", "power_unit": "Wh", "date_created": "2016-03-06T19:48:16.050"}}, {"model": "backend.sensor", "pk": 27, "fields": {"home": 2, "name": "Printer", "description": "", "power_unit": "Wh", "date_created": "2016-03-06T19:48:16.052"}}, {"model": "backend.sensor", "pk": 28, "fields": {"home": 2, "name": "TV 1", "description": "", "power_unit": "Wh", "date_created": "2016-03-06T19:48:16.054"}}, {"model": "backend.sensor", "pk": 29, "fields": {"home": 2, "name": "TV 2", "description": "", "power_unit": "Wh", "date_created": "2016-03-06T19:48:16.056"}}, {"model": "backend.sensor", "pk": 30, "fields": {"home": 2, "name": "VCR / DVD", "description": "", "power_unit": "Wh", "date_created": "2016-03-06T19:48:16.058"}}, {"model": "backend.sensor", "pk": 31, "fields": {"home": 2, "name": "TV Receiver box", "description": "", "power_unit": "Wh", "date_created": "2016-03-06T19:48:16.060"}}, {"model": "backend.sensor", "pk": 32, "fields": {"home": 2, "name": "Microwave", "description": "", "power_unit": "Wh", "date_created": "2016-03-06T19:48:16.062"}}, {"model": "backend.sensor", "pk": 33, "fields": {"home": 2, "name": "Kettle", "description": "", "power_unit": "Wh", "date_created": "2016-03-06T19:48:16.064"}}, {"model": "backend.sensor", "pk": 34, "fields": {"home": 2, "name": "Small cooking (group)", "description": "", "power_unit": "Wh", "date_created": "2016-03-06T19:48:16.066"}}, {"model": "backend.sensor", "pk": 35, "fields": {"home": 2, "name": "Washing machine", "description": "", "power_unit": "Wh", "date_created": "2016-03-06T19:48:16.068"}}, {"model": "backend.sensor", "pk": 36, "fields": {"home": 3, "name": "Upright freezer", "description": "", "power_unit": "Wh", "date_created": "2016-03-06T19:48:16.070"}}, {"model": "backend.sensor", "pk": 37, "fields": {"home": 3, "name": "Answer machine", "description": "", "power_unit": "Wh", "date_created": "2016-03-06T19:48:16.072"}}, {"model": "backend.sensor", "pk": 38, "fields": {"home": 3, "name": "Cassette / CD Player", "description": "", "power_unit": "Wh", "date_created": "2016-03-06T19:48:16.074"}}, {"model": "backend.sensor", "pk": 39, "fields": {"home": 3, "name": "Clock", "description": "", "power_unit": "Wh", "date_created": "2016-03-06T19:48:16.076"}}, {"model": "backend.sensor", "pk": 40, "fields": {"home": 3, "name": "Hi-Fi", "description": "", "power_unit": "Wh", "date_created": "2016-03-06T19:48:16.078"}}, {"model": "backend.sensor", "pk": 41, "fields": {"home": 3, "name": "Iron", "description": "", "power_unit": "Wh", "date_created": "2016-03-06T19:48:16.080"}}, {"model": "backend.sensor", "pk": 42, "fields": {"home": 3, "name": "Vacuum", "description": "", "power_unit": "Wh", "date_created": "2016-03-06T19:48:16.082"}}, {"model": "backend.sensor", "pk": 43, "fields": {"home": 3, "name": "Personal computer", "description": "", "power_unit": "Wh", "date_created": "2016-03-06T19:48:16.084"}}, {"model": "backend.sensor", "pk": 44, "fields": {"home": 3, "name": "Printer", "description": "", "power_unit": "Wh", "date_created": "2016-03-06T19:48:16.086"}}, {"model": "backend.sensor", "pk": 45, "fields": {"home": 3, "name": "TV 1", "description": "", "power_unit": "Wh", "date_created": "2016-03-06T19:48:16.088"}}, {"model": "backend.sensor", "pk": 46, "fields": {"home": 3, "name": "VCR / DVD", "description": "", "power_unit": "Wh", "date_created": "2016-03-06T19:48:16.089"}}, {"model": "backend.sensor", "pk": 47, "fields": {"home": 3, "name": "TV Receiver box", "description": "", "power_unit": "Wh", "date_created": "2016-03-06T19:48:16.092"}}, {"model": "backend.sensor", "pk": 48, "fields": {"home": 3, "name": "Hob", "description": "", "power_unit": "Wh", "date_created": "2016-03-06T19:48:16.093"}}, {"model": "backend.sensor", "pk": 49, "fields": {"home": 3, "name": "Oven", "description": "", "power_unit": "Wh", "date_created": "2016-03-06T19:48:16.096"}}, {"model": "backend.sensor", "pk": 50, "fields": {"home": 3, "name": "Microwave", "description": "", "power_unit": "Wh", "date_created": "2016-03-06T19:48:16.097"}}, {"model": "backend.sensor", "pk": 51, "fields": {"home": 3, "name": "Kettle", "description": "", "power_unit": "Wh", "date_created": "2016-03-06T19:48:16.099"}}, {"model": "backend.sensor", "pk": 52, "fields": {"home": 3, "name": "Small cooking (group)", "description": "", "power_unit": "Wh", "date_created": "2016-03-06T19:48:16.101"}}, {"model": "backend.sensor", "pk": 53, "fields": {"home": 3, "name": "Dish washer", "description": "", "power_unit": "Wh", "date_created": "2016-03-06T19:48:16.102"}}, {"model": "backend.sensor", "pk": 54, "fields": {"home": 3, "name": "Tumble dryer", "description": "", "power_unit": "Wh", "date_created": "2016-03-06T19:48:16.104"}}, {"model": "backend.sensor", "pk": 55, "fields": {"home": 3, "name": "Washing machine", "description": "", "power_unit": "Wh", "date_created": "2016-03-06T19:48:16.106"}}, {"model": "backend.sensor", "pk": 56, "fields": {"home": 3, "name": "Electric shower", "description": "", "power_unit": "Wh", "date_created": "2016-03-06T19:48:16.108"}}, {"model": "backend.sensor", "pk": 57, "fields": {"home": 4, "name": "Upright freezer", "description": "", "power_unit": "Wh", "date_created": "2016-03-06T19:48:16.111"}}, {"model": "backend.sensor", "pk": 58, "fields": {"home": 4, "name": "Answer machine", "description": "", "power_unit": "Wh", "date_created": "2016-03-06T19:48:16.113"}}, {"model": "backend.sensor", "pk": 59, "fields": {"home": 4, "name": "Clock", "description": "", "power_unit": "Wh", "date_created": "2016-03-06T19:48:16.115"}}, {"model": "backend.sensor", "pk": 60, "fields": {"home": 4, "name": "Cordless telephone", "description": "", "power_unit": "Wh", "date_created": "2016-03-06T19:48:16.117"}}, {"model": "backend.sensor", "pk": 61, "fields": {"home": 4, "name": "Hi-Fi", "description": "", "power_unit": "Wh", "date_created": "2016-03-06T19:48:16.118"}}, {"model": "backend.sensor", "pk": 62, "fields": {"home": 4, "name": "Vacuum", "description": "", "power_unit": "Wh", "date_created": "2016-03-06T19:48:16.120"}}, {"model": "backend.sensor", "pk": 63, "fields": {"home": 4, "name": "Fax", "description": "", "power_unit": "Wh", "date_created": "2016-03-06T19:48:16.121"}}, {"model": "backend.sensor", "pk": 64, "fields": {"home": 4, "name": "Personal computer", "description": "", "power_unit": "Wh", "date_created": "2016-03-06T19:48:16.124"}}, {"model": "backend.sensor", "pk": 65, "fields": {"home": 4, "name": "Printer", "description": "", "power_unit": "Wh", "date_created": "2016-03-06T19:48:16.125"}}, {"model": "backend.sensor", "pk": 66, "fields": {"home": 4, "name": "VCR / DVD", "description": "", "power_unit": "Wh", "date_created": "2016-03-06T19:48:16.128"}}, {"model": "backend.sensor", "pk": 67, "fields": {"home": 4, "name": "TV Receiver box", "description": "", "power_unit": "Wh", "date_created": "2016-03-06T19:48:16.130"}}, {"model": "backend.sensor", "pk": 68, "fields": {"home": 4, "name": "Hob", "description": "", "power_unit": "Wh", "date_created": "2016-03-06T19:48:16.132"}}, {"model": "backend.sensor", "pk": 69, "fields": {"home": 4, "name": "Oven", "description": "", "power_unit": "Wh", "date_created": "2016-03-06T19:48:16.133"}}, {"model": "backend.sensor", "pk": 70, "fields": {"home": 4, "name": "Microwave", "description": "", "power_unit": "Wh", "date_created": "2016-03-06T19:48:16.135"}}, {"model": "backend.sensor", "pk": 71, "fields": {"home": 4, "name": "Kettle", "description": "", "power_unit": "Wh", "date_created": "2016-03-06T19:48:16.136"}}, {"model": "backend.sensor", "pk": 72, "fields": {"home": 4, "name": "Small cooking (group)", "description": "", "power_unit": "Wh", "date_created": "2016-03-06T19:48:16.138"}}, {"model": "backend.sensor", "pk": 73, "fields": {"home": 4, "name": "Washing machine", "description": "", "power_unit": "Wh", "date_created": "2016-03-06T19:48:16.140"}}, {"model": "backend.sensor", "pk": 74, "fields": {"home": 5, "name": "Fridge freezer", "description": "", "power_unit": "Wh", "date_created": "2016-03-06T19:48:16.143"}}, {"model": "backend.sensor", "pk": 75, "fields": {"home": 5, "name": "Answer machine", "description": "", "power_unit": "Wh", "date_created": "2016-03-06T19:48:16.145"}}, {"model": "backend.sensor", "pk": 76, "fields": {"home": 5, "name": "Clock", "description": "", "power_unit": "Wh", "date_created": "2016-03-06T19:48:16.147"}}, {"model": "backend.sensor", "pk": 77, "fields": {"home": 5, "name": "Cordless telephone", "description": "", "power_unit": "Wh", "date_created": "2016-03-06T19:48:16.149"}}, {"model": "backend.sensor", "pk": 78, "fields": {"home": 5, "name": "Hi-Fi", "description": "", "power_unit": "Wh", "date_created": "2016-03-06T19:48:16.150"}}, {"model": "backend.sensor", "pk": 79, "fields": {"home": 5, "name": "Iron", "description": "", "power_unit": "Wh", "date_created": "2016-03-06T19:48:16.152"}}, {"model": "backend.sensor", "pk": 80, "fields": {"home": 5, "name": "Vacuum", "description": "", "power_unit": "Wh", "date_created": "2016-03-06T19:48:16.154"}}, {"model": "backend.sensor", "pk": 81, "fields": {"home": 5, "name": "Personal computer", "description": "", "power_unit": "Wh", "date_created": "2016-03-06T19:48:16.155"}}, {"model": "backend.sensor", "pk": 82, "fields": {"home": 5, "name": "Printer", "description": "", "power_unit": "Wh", "date_created": "2016-03-06T19:48:16.158"}}, {"model": "backend.sensor", "pk": 83, "fields": {"home": 5, "name": "TV 1", "description": "", "power_unit": "Wh", "date_created": "2016-03-06T19:48:16.160"}}, {"model": "backend.sensor", "pk": 84, "fields": {"home": 5, "name": "TV 2", "description": "", "power_unit": "Wh", "date_created": "2016-03-06T19:48:16.162"}}, {"model": "backend.sensor", "pk": 85, "fields": {"home": 5, "name": "VCR / DVD", "description": "", "power_unit": "Wh", "date_created": "2016-03-06T19:48:16.165"}}, {"model": "backend.sensor", "pk": 86, "fields": {"home": 5, "name": "TV Receiver box", "description": "", "power_unit": "Wh", "date_created": "2016-03-06T19:48:16.166"}}, {"model": "backend.sensor", "pk": 87, "fields": {"home": 5, "name": "Microwave", "description": "", "power_unit": "Wh", "date_created": "2016-03-06T19:48:16.168"}}, {"model": "backend.sensor", "pk": 88, "fields": {"home": 5, "name": "Kettle", "description": "", "power_unit": "Wh", "date_created": "2016-03-06T19:48:16.170"}}, {"model": "backend.sensor", "pk": 89, "fields": {"home": 5, "name": "Small cooking (group)", "description": "", "power_unit": "Wh", "date_created": "2016-03-06T19:48:16.172"}}, {"model": "backend.sensor", "pk": 90, "fields": {"home": 5, "name": "Tumble dryer", "description": "", "power_unit": "Wh", "date_created": "2016-03-06T19:48:16.173"}}, {"model": "backend.sensor", "pk": 91, "fields": {"home": 6, "name": "Cassette / CD Player", "description": "", "power_unit": "Wh", "date_created": "2016-03-06T19:48:16.177"}}, {"model": "backend.sensor", "pk": 92, "fields": {"home": 6, "name": "Cordless telephone", "description": "", "power_unit": "Wh", "date_created": "2016-03-06T19:48:16.178"}}, {"model": "backend.sensor", "pk": 93, "fields": {"home": 6, "name": "Hi-Fi", "description": "", "power_unit": "Wh", "date_created": "2016-03-06T19:48:16.181"}}, {"model": "backend.sensor", "pk": 94, "fields": {"home": 6, "name": "Iron", "description": "", "power_unit": "Wh", "date_created": "2016-03-06T19:48:16.182"}}, {"model": "backend.sensor", "pk": 95, "fields": {"home": 6, "name": "Vacuum", "description": "", "power_unit": "Wh", "date_created": "2016-03-06T19:48:16.184"}}, {"model": "backend.sensor", "pk": 96, "fields": {"home": 6, "name": "Personal computer", "description": "", "power_unit": "Wh", "date_created": "2016-03-06T19:48:16.186"}}, {"model": "backend.sensor", "pk": 97, "fields": {"home": 6, "name": "Printer", "description": "", "power_unit": "Wh", "date_created": "2016-03-06T19:48:16.188"}}, {"model": "backend.sensor", "pk": 98, "fields": {"home": 6, "name": "TV 1", "description": "", "power_unit": "Wh", "date_created": "2016-03-06T19:48:16.189"}}, {"model": "backend.sensor", "pk": 99, "fields": {"home": 6, "name": "VCR / DVD", "description": "", "power_unit": "Wh", "date_created": "2016-03-06T19:48:16.192"}}, {"model": "backend.sensor", "pk": 100, "fields": {"home": 6, "name": "TV Receiver box", "description": "", "power_unit": "Wh", "date_created": "2016-03-06T19:48:16.194"}}, {"model": "backend.sensor", "pk": 101, "fields": {"home": 6, "name": "Kettle", "description": "", "power_unit": "Wh", "date_created": "2016-03-06T19:48:16.196"}}, {"model": "backend.sensor", "pk": 102, "fields": {"home": 6, "name": "Small cooking (group)", "description": "", "power_unit": "Wh", "date_created": "2016-03-06T19:48:16.198"}}, {"model": "backend.sensor", "pk": 103, "fields": {"home": 6, "name": "Dish washer", "description": "", "power_unit": "Wh", "date_created": "2016-03-06T19:48:16.200"}}, {"model": "backend.sensor", "pk": 104, "fields": {"home": 6, "name": "Washing machine", "description": "", "power_unit": "Wh", "date_created": "2016-03-06T19:48:16.202"}}, {"model": "backend.sensor", "pk": 105, "fields": {"home": 6, "name": "Electric shower", "description": "", "power_unit": "Wh", "date_created": "2016-03-06T19:48:16.204"}}, {"model": "backend.sensor", "pk": 106, "fields": {"home": 7, "name": "Fridge freezer", "description": "", "power_unit": "Wh", "date_created": "2016-03-06T19:48:16.206"}}, {"model": "backend.sensor", "pk": 107, "fields": {"home": 7, "name": "Upright freezer", "description": "", "power_unit": "Wh", "date_created": "2016-03-06T19:48:16.208"}}, {"model": "backend.sensor", "pk": 108, "fields": {"home": 7, "name": "Answer machine", "description": "", "power_unit": "Wh", "date_created": "2016-03-06T19:48:16.210"}}, {"model": "backend.sensor", "pk": 109, "fields": {"home": 7, "name": "Cassette / CD Player", "description": "", "power_unit": "Wh", "date_created": "2016-03-06T19:48:16.212"}}, {"model": "backend.sensor", "pk": 110, "fields": {"home": 7, "name": "Clock", "description": "", "power_unit": "Wh", "date_created": "2016-03-06T19:48:16.214"}}, {"model": "backend.sensor", "pk": 111, "fields": {"home": 7, "name": "Cordless telephone", "description": "", "power_unit": "Wh", "date_created": "2016-03-06T19:48:16.216"}}, {"model": "backend.sensor", "pk": 112, "fields": {"home": 7, "name": "Hi-Fi", "description": "", "power_unit": "Wh", "date_created": "2016-03-06T19:48:16.218"}}, {"model": "backend.sensor", "pk": 113, "fields": {"home": 7, "name": "Iron", "description": "", "power_unit": "Wh", "date_created": "2016-03-06T19:48:16.220"}}, {"model": "backend.sensor", "pk": 114, "fields": {"home": 7, "name": "Vacuum", "description": "", "power_unit": "Wh", "date_created": "2016-03-06T19:48:16.221"}}, {"model": "backend.sensor", "pk": 115, "fields": {"home": 7, "name": "Personal computer", "description": "", "power_unit": "Wh", "date_created": "2016-03-06T19:48:16.224"}}, {"model": "backend.sensor", "pk": 116, "fields": {"home": 7, "name": "TV 1", "description": "", "power_unit": "Wh", "date_created": "2016-03-06T19:48:16.226"}}, {"model": "backend.sensor", "pk": 117, "fields": {"home": 7, "name": "TV 2", "description": "", "power_unit": "Wh", "date_created": "2016-03-06T19:48:16.228"}}, {"model": "backend.sensor", "pk": 118, "fields": {"home": 7, "name": "TV Receiver box", "description": "", "power_unit": "Wh", "date_created": "2016-03-06T19:48:16.230"}}, {"model": "backend.sensor", "pk": 119, "fields": {"home": 7, "name": "Microwave", "description": "", "power_unit": "Wh", "date_created": "2016-03-06T19:48:16.232"}}, {"model": "backend.sensor", "pk": 120, "fields": {"home": 7, "name": "Kettle", "description": "", "power_unit": "Wh", "date_created": "2016-03-06T19:48:16.233"}}, {"model": "backend.sensor", "pk": 121, "fields": {"home": 7, "name": "Small cooking (group)", "description": "", "power_unit": "Wh", "date_created": "2016-03-06T19:48:16.234"}}, {"model": "backend.sensor", "pk": 122, "fields": {"home": 7, "name": "Washing machine", "description": "", "power_unit": "Wh", "date_created": "2016-03-06T19:48:16.236"}}, {"model": "backend.sensor", "pk": 123, "fields": {"home": 8, "name": "Fridge freezer", "description": "", "power_unit": "Wh", "date_created": "2016-03-06T19:48:16.240"}}, {"model": "backend.sensor", "pk": 124, "fields": {"home": 8, "name": "Answer machine", "description": "", "power_unit": "Wh", "date_created": "2016-03-06T19:48:16.241"}}, {"model": "backend.sensor", "pk": 125, "fields": {"home": 8, "name": "Cassette / CD Player", "description": "", "power_unit": "Wh", "date_created": "2016-03-06T19:48:16.243"}}, {"model": "backend.sensor", "pk": 126, "fields": {"home": 8, "name": "Clock", "description": "", "power_unit": "Wh", "date_created": "2016-03-06T19:48:16.245"}}, {"model": "backend.sensor", "pk": 127, "fields": {"home": 8, "name": "Cordless telephone", "description": "", "power_unit": "Wh", "date_created": "2016-03-06T19:48:16.247"}}, {"model": "backend.sensor", "pk": 128, "fields": {"home": 8, "name": "Iron", "description": "", "power_unit": "Wh", "date_created": "2016-03-06T19:48:16.249"}}, {"model": "backend.sensor", "pk": 129, "fields": {"home": 8, "name": "Vacuum", "description": "", "power_unit": "Wh", "date_created": "2016-03-06T19:48:16.250"}}, {"model": "backend.sensor", "pk": 130, "fields": {"home": 8, "name": "Fax", "description": "", "power_unit": "Wh", "date_created": "2016-03-06T19:48:16.253"}}, {"model": "backend.sensor", "pk": 131, "fields": {"home": 8, "name": "Personal computer", "description": "", "power_unit": "Wh", "date_created": "2016-03-06T19:48:16.254"}}, {"model": "backend.sensor", "pk": 132, "fields": {"home": 8, "name": "TV 1", "description": "", "power_unit": "Wh", "date_created": "2016-03-06T19:48:16.257"}}, {"model": "backend.sensor", "pk": 133, "fields": {"home": 8, "name": "VCR / DVD", "description": "", "power_unit": "Wh", "date_created": "2016-03-06T19:48:16.259"}}, {"model": "backend.sensor", "pk": 134, "fields": {"home": 8, "name": "TV Receiver box", "description": "", "power_unit": "Wh", "date_created": "2016-03-06T19:48:16.261"}}, {"model": "backend.sensor", "pk": 135, "fields": {"home": 8, "name": "Oven", "description": "", "power_unit": "Wh", "date_created": "2016-03-06T19:48:16.263"}}, {"model": "backend.sensor", "pk": 136, "fields": {"home": 8, "name": "Microwave", "description": "", "power_unit": "Wh", "date_created": "2016-03-06T19:48:16.265"}}, {"model": "backend.sensor", "pk": 137, "fields": {"home": 8, "name": "Kettle", "description": "", "power_unit": "Wh", "date_created": "2016-03-06T19:48:16.266"}}, {"model": "backend.sensor", "pk": 138, "fields": {"home": 8, "name": "Small cooking (group)", "description": "", "power_unit": "Wh", "date_created": "2016-03-06T19:48:16.269"}}, {"model": "backend.sensor", "pk": 139, "fields": {"home": 8, "name": "Washing machine", "description": "", "power_unit": "Wh", "date_created": "2016-03-06T19:48:16.270"}}, {"model": "backend.sensor", "pk": 140, "fields": {"home": 8, "name": "Electric shower", "description": "", "power_unit": "Wh", "date_created": "2016-03-06T19:48:16.272"}}, {"model": "backend.sensor", "pk": 141, "fields": {"home": 9, "name": "Refrigerator", "description": "", "power_unit": "Wh", "date_created": "2016-03-06T19:48:16.275"}}, {"model": "backend.sensor", "pk": 142, "fields": {"home": 9, "name": "Upright freezer", "description": "", "power_unit": "Wh", "date_created": "2016-03-06T19:48:16.277"}}, {"model": "backend.sensor", "pk": 143, "fields": {"home": 9, "name": "Answer machine", "description": "", "power_unit": "Wh", "date_created": "2016-03-06T19:48:16.280"}}, {"model": "backend.sensor", "pk": 144, "fields": {"home": 9, "name": "Cassette / CD Player", "description": "", "power_unit": "Wh", "date_created": "2016-03-06T19:48:16.281"}}, {"model": "backend.sensor", "pk": 145, "fields": {"home": 9, "name": "Clock", "description": "", "power_unit": "Wh", "date_created": "2016-03-06T19:48:16.283"}}, {"model": "backend.sensor", "pk": 146, "fields": {"home": 9, "name": "Cordless telephone", "description": "", "power_unit": "Wh", "date_created": "2016-03-06T19:48:16.285"}}, {"model": "backend.sensor", "pk": 147, "fields": {"home": 9, "name": "Hi-Fi", "description": "", "power_unit": "Wh", "date_created": "2016-03-06T19:48:16.286"}}, {"model": "backend.sensor", "pk": 148, "fields": {"home": 9, "name": "Iron", "description": "", "power_unit": "Wh", "date_created": "2016-03-06T19:48:16.288"}}, {"model": "backend.sensor", "pk": 149, "fields": {"home": 9, "name": "Vacuum", "description": "", "power_unit": "Wh", "date_created": "2016-03-06T19:48:16.290"}}, {"model": "backend.sensor", "pk": 150, "fields": {"home": 9, "name": "Fax", "description": "", "power_unit": "Wh", "date_created": "2016-03-06T19:48:16.293"}}, {"model": "backend.sensor", "pk": 151, "fields": {"home": 9, "name": "Personal computer", "description": "", "power_unit": "Wh", "date_created": "2016-03-06T19:48:16.295"}}, {"model": "backend.sensor", "pk": 152, "fields": {"home": 9, "name": "Printer", "description": "", "power_unit": "Wh", "date_created": "2016-03-06T19:48:16.297"}}, {"model": "backend.sensor", "pk": 153, "fields": {"home": 9, "name": "TV 2", "description": "", "power_unit": "Wh", "date_created": "2016-03-06T19:48:16.298"}}, {"model": "backend.sensor", "pk": 154, "fields": {"home": 9, "name": "TV 3", "description": "", "power_unit": "Wh", "date_created": "2016-03-06T19:48:16.300"}}, {"model": "backend.sensor", "pk": 155, "fields": {"home": 9, "name": "VCR / DVD", "description": "", "power_unit": "Wh", "date_created": "2016-03-06T19:48:16.302"}}, {"model": "backend.sensor", "pk": 156, "fields": {"home": 9, "name": "TV Receiver box", "description": "", "power_unit": "Wh", "date_created": "2016-03-06T19:48:16.304"}}, {"model": "backend.sensor", "pk": 157, "fields": {"home": 9, "name": "Microwave", "description": "", "power_unit": "Wh", "date_created": "2016-03-06T19:48:16.305"}}, {"model": "backend.sensor", "pk": 158, "fields": {"home": 9, "name": "Kettle", "description": "", "power_unit": "Wh", "date_created": "2016-03-06T19:48:16.308"}}, {"model": "backend.sensor", "pk": 159, "fields": {"home": 9, "name": "Small cooking (group)", "description": "", "power_unit": "Wh", "date_created": "2016-03-06T19:48:16.309"}}, {"model": "backend.sensor", "pk": 160, "fields": {"home": 9, "name": "Tumble dryer", "description": "", "power_unit": "Wh", "date_created": "2016-03-06T19:48:16.311"}}, {"model": "backend.sensor", "pk": 161, "fields": {"home": 9, "name": "Electric shower", "description": "", "power_unit": "Wh", "date_created": "2016-03-06T19:48:16.313"}}, {"model": "backend.sensor", "pk": 162, "fields": {"home": 10, "name": "Fridge freezer", "description": "", "power_unit": "Wh", "date_created": "2016-03-06T19:48:16.316"}}, {"model": "backend.sensor", "pk": 163, "fields": {"home": 10, "name": "Refrigerator", "description": "", "power_unit": "Wh", "date_created": "2016-03-06T19:48:16.318"}}, {"model": "backend.sensor", "pk": 164, "fields": {"home": 10, "name": "Upright freezer", "description": "", "power_unit": "Wh", "date_created": "2016-03-06T19:48:16.320"}}, {"model": "backend.sensor", "pk": 165, "fields": {"home": 10, "name": "Cassette / CD Player", "description": "", "power_unit": "Wh", "date_created": "2016-03-06T19:48:16.321"}}, {"model": "backend.sensor", "pk": 166, "fields": {"home": 10, "name": "Clock", "description": "", "power_unit": "Wh", "date_created": "2016-03-06T19:48:16.324"}}, {"model": "backend.sensor", "pk": 167, "fields": {"home": 10, "name": "Cordless telephone", "description": "", "power_unit": "Wh", "date_created": "2016-03-06T19:48:16.325"}}, {"model": "backend.sensor", "pk": 168, "fields": {"home": 10, "name": "Hi-Fi", "description": "", "power_unit": "Wh", "date_created": "2016-03-06T19:48:16.328"}}, {"model": "backend.sensor", "pk": 169, "fields": {"home": 10, "name": "Iron", "description": "", "power_unit": "Wh", "date_created": "2016-03-06T19:48:16.329"}}, {"model": "backend.sensor", "pk": 170, "fields": {"home": 10, "name": "Vacuum", "description": "", "power_unit": "Wh", "date_created": "2016-03-06T19:48:16.331"}}, {"model": "backend.sensor", "pk": 171, "fields": {"home": 10, "name": "Personal computer", "description": "", "power_unit": "Wh", "date_created": "2016-03-06T19:48:16.333"}}, {"model": "backend.sensor", "pk": 172, "fields": {"home": 10, "name": "Printer", "description": "", "power_unit": "Wh", "date_created": "2016-03-06T19:48:16.335"}}, {"model": "backend.sensor", "pk": 173, "fields": {"home": 10, "name": "TV 1", "description": "", "power_unit": "Wh", "date_created": "2016-03-06T19:48:16.337"}}, {"model": "backend.sensor", "pk": 174, "fields": {"home": 10, "name": "VCR / DVD", "description": "", "power_unit": "Wh", "date_created": "2016-03-06T19:48:16.338"}}, {"model": "backend.sensor", "pk": 175, "fields": {"home": 10, "name": "TV Receiver box", "description": "", "power_unit": "Wh", "date_created": "2016-03-06T19:48:16.341"}}, {"model": "backend.sensor", "pk": 176, "fields": {"home": 10, "name": "Hob", "description": "", "power_unit": "Wh", "date_created": "2016-03-06T19:48:16.342"}}, {"model": "backend.sensor", "pk": 177, "fields": {"home": 10, "name": "Microwave", "description": "", "power_unit": "Wh", "date_created": "2016-03-06T19:48:16.345"}}, {"model": "backend.sensor", "pk": 178, "fields": {"home": 10, "name": "Kettle", "description": "", "power_unit": "Wh", "date_created": "2016-03-06T19:48:16.346"}}, {"model": "backend.sensor", "pk": 179, "fields": {"home": 10, "name": "Small cooking (group)", "description": "", "power_unit": "Wh", "date_created": "2016-03-06T19:48:16.349"}}, {"model": "backend.sensor", "pk": 180, "fields": {"home": 10, "name": "Washing machine", "description": "", "power_unit": "Wh", "date_created": "2016-03-06T19:48:16.350"}}, {"model": "backend.sensor", "pk": 181, "fields": {"home": 10, "name": "Electric shower", "description": "", "power_unit": "Wh", "date_created": "2016-03-06T19:48:16.352"}}, {"model": "backend.sensorstags", "pk": 1, "fields": {"sensor": 1, "tag": 2, "date_created": "2016-03-06T19:48:16.002"}}, {"model": "backend.sensorstags", "pk": 2, "fields": {"sensor": 2, "tag": 5, "date_created": "2016-03-06T19:48:16.004"}}, {"model": "backend.sensorstags", "pk": 3, "fields": {"sensor": 3, "tag": 6, "date_created": "2016-03-06T19:48:16.006"}}, {"model": "backend.sensorstags", "pk": 4, "fields": {"sensor": 4, "tag": 8, "date_created": "2016-03-06T19:48:16.008"}}, {"model": "backend.sensorstags", "pk": 5, "fields": {"sensor": 5, "tag": 9, "date_created": "2016-03-06T19:48:16.010"}}, {"model": "backend.sensorstags", "pk": 6, "fields": {"sensor": 6, "tag": 10, "date_created": "2016-03-06T19:48:16.012"}}, {"model": "backend.sensorstags", "pk": 7, "fields": {"sensor": 7, "tag": 11, "date_created": "2016-03-06T19:48:16.014"}}, {"model": "backend.sensorstags", "pk": 8, "fields": {"sensor": 8, "tag": 12, "date_created": "2016-03-06T19:48:16.016"}}, {"model": "backend.sensorstags", "pk": 9, "fields": {"sensor": 9, "tag": 15, "date_created": "2016-03-06T19:48:16.019"}}, {"model": "backend.sensorstags", "pk": 10, "fields": {"sensor": 10, "tag": 18, "date_created": "2016-03-06T19:48:16.021"}}, {"model": "backend.sensorstags", "pk": 11, "fields": {"sensor": 11, "tag": 19, "date_created": "2016-03-06T19:48:16.022"}}, {"model": "backend.sensorstags", "pk": 12, "fields": {"sensor": 12, "tag": 21, "date_created": "2016-03-06T19:48:16.025"}}, {"model": "backend.sensorstags", "pk": 13, "fields": {"sensor": 13, "tag": 23, "date_created": "2016-03-06T19:48:16.027"}}, {"model": "backend.sensorstags", "pk": 14, "fields": {"sensor": 14, "tag": 24, "date_created": "2016-03-06T19:48:16.029"}}, {"model": "backend.sensorstags", "pk": 15, "fields": {"sensor": 15, "tag": 26, "date_created": "2016-03-06T19:48:16.031"}}, {"model": "backend.sensorstags", "pk": 16, "fields": {"sensor": 16, "tag": 27, "date_created": "2016-03-06T19:48:16.033"}}, {"model": "backend.sensorstags", "pk": 17, "fields": {"sensor": 17, "tag": 31, "date_created": "2016-03-06T19:48:16.034"}}, {"model": "backend.sensorstags", "pk": 18, "fields": {"sensor": 18, "tag": 5, "date_created": "2016-03-06T19:48:16.037"}}, {"model": "backend.sensorstags", "pk": 19, "fields": {"sensor": 19, "tag": 6, "date_created": "2016-03-06T19:48:16.039"}}, {"model": "backend.sensorstags", "pk": 20, "fields": {"sensor": 20, "tag": 7, "date_created": "2016-03-06T19:48:16.041"}}, {"model": "backend.sensorstags", "pk": 21, "fields": {"sensor": 21, "tag": 8, "date_created": "2016-03-06T19:48:16.043"}}, {"model": "backend.sensorstags", "pk": 22, "fields": {"sensor": 22, "tag": 9, "date_created": "2016-03-06T19:48:16.044"}}, {"model": "backend.sensorstags", "pk": 23, "fields": {"sensor": 23, "tag": 10, "date_created": "2016-03-06T19:48:16.047"}}, {"model": "backend.sensorstags", "pk": 24, "fields": {"sensor": 24, "tag": 11, "date_created": "2016-03-06T19:48:16.048"}}, {"model": "backend.sensorstags", "pk": 25, "fields": {"sensor": 25, "tag": 12, "date_created": "2016-03-06T19:48:16.050"}}, {"model": "backend.sensorstags", "pk": 26, "fields": {"sensor": 26, "tag": 13, "date_created": "2016-03-06T19:48:16.051"}}, {"model": "backend.sensorstags", "pk": 27, "fields": {"sensor": 27, "tag": 14, "date_created": "2016-03-06T19:48:16.053"}}, {"model": "backend.sensorstags", "pk": 28, "fields": {"sensor": 28, "tag": 15, "date_created": "2016-03-06T19:48:16.055"}}, {"model": "backend.sensorstags", "pk": 29, "fields": {"sensor": 29, "tag": 16, "date_created": "2016-03-06T19:48:16.057"}}, {"model": "backend.sensorstags", "pk": 30, "fields": {"sensor": 30, "tag": 18, "date_created": "2016-03-06T19:48:16.059"}}, {"model": "backend.sensorstags", "pk": 31, "fields": {"sensor": 31, "tag": 19, "date_created": "2016-03-06T19:48:16.061"}}, {"model": "backend.sensorstags", "pk": 32, "fields": {"sensor": 32, "tag": 22, "date_created": "2016-03-06T19:48:16.063"}}, {"model": "backend.sensorstags", "pk": 33, "fields": {"sensor": 33, "tag": 23, "date_created": "2016-03-06T19:48:16.064"}}, {"model": "backend.sensorstags", "pk": 34, "fields": {"sensor": 34, "tag": 24, "date_created": "2016-03-06T19:48:16.066"}}, {"model": "backend.sensorstags", "pk": 35, "fields": {"sensor": 35, "tag": 27, "date_created": "2016-03-06T19:48:16.068"}}, {"model": "backend.sensorstags", "pk": 36, "fields": {"sensor": 36, "tag": 4, "date_created": "2016-03-06T19:48:16.071"}}, {"model": "backend.sensorstags", "pk": 37, "fields": {"sensor": 37, "tag": 5, "date_created": "2016-03-06T19:48:16.073"}}, {"model": "backend.sensorstags", "pk": 38, "fields": {"sensor": 38, "tag": 6, "date_created": "2016-03-06T19:48:16.075"}}, {"model": "backend.sensorstags", "pk": 39, "fields": {"sensor": 39, "tag": 7, "date_created": "2016-03-06T19:48:16.076"}}, {"model": "backend.sensorstags", "pk": 40, "fields": {"sensor": 40, "tag": 9, "date_created": "2016-03-06T19:48:16.079"}}, {"model": "backend.sensorstags", "pk": 41, "fields": {"sensor": 41, "tag": 10, "date_created": "2016-03-06T19:48:16.081"}}, {"model": "backend.sensorstags", "pk": 42, "fields": {"sensor": 42, "tag": 11, "date_created": "2016-03-06T19:48:16.083"}}, {"model": "backend.sensorstags", "pk": 43, "fields": {"sensor": 43, "tag": 13, "date_created": "2016-03-06T19:48:16.085"}}, {"model": "backend.sensorstags", "pk": 44, "fields": {"sensor": 44, "tag": 14, "date_created": "2016-03-06T19:48:16.086"}}, {"model": "backend.sensorstags", "pk": 45, "fields": {"sensor": 45, "tag": 15, "date_created": "2016-03-06T19:48:16.088"}}, {"model": "backend.sensorstags", "pk": 46, "fields": {"sensor": 46, "tag": 18, "date_created": "2016-03-06T19:48:16.090"}}, {"model": "backend.sensorstags", "pk": 47, "fields": {"sensor": 47, "tag": 19, "date_created": "2016-03-06T19:48:16.092"}}, {"model": "backend.sensorstags", "pk": 48, "fields": {"sensor": 48, "tag": 20, "date_created": "2016-03-06T19:48:16.094"}}, {"model": "backend.sensorstags", "pk": 49, "fields": {"sensor": 49, "tag": 21, "date_created": "2016-03-06T19:48:16.096"}}, {"model": "backend.sensorstags", "pk": 50, "fields": {"sensor": 50, "tag": 22, "date_created": "2016-03-06T19:48:16.098"}}, {"model": "backend.sensorstags", "pk": 51, "fields": {"sensor": 51, "tag": 23, "date_created": "2016-03-06T19:48:16.100"}}, {"model": "backend.sensorstags", "pk": 52, "fields": {"sensor": 52, "tag": 24, "date_created": "2016-03-06T19:48:16.101"}}, {"model": "backend.sensorstags", "pk": 53, "fields": {"sensor": 53, "tag": 25, "date_created": "2016-03-06T19:48:16.103"}}, {"model": "backend.sensorstags", "pk": 54, "fields": {"sensor": 54, "tag": 26, "date_created": "2016-03-06T19:48:16.105"}}, {"model": "backend.sensorstags", "pk": 55, "fields": {"sensor": 55, "tag": 27, "date_created": "2016-03-06T19:48:16.107"}}, {"model": "backend.sensorstags", "pk": 56, "fields": {"sensor": 56, "tag": 31, "date_created": "2016-03-06T19:48:16.108"}}, {"model": "backend.sensorstags", "pk": 57, "fields": {"sensor": 57, "tag": 4, "date_created": "2016-03-06T19:48:16.112"}}, {"model": "backend.sensorstags", "pk": 58, "fields": {"sensor": 58, "tag": 5, "date_created": "2016-03-06T19:48:16.114"}}, {"model": "backend.sensorstags", "pk": 59, "fields": {"sensor": 59, "tag": 7, "date_created": "2016-03-06T19:48:16.116"}}, {"model": "backend.sensorstags", "pk": 60, "fields": {"sensor": 60, "tag": 8, "date_created": "2016-03-06T19:48:16.117"}}, {"model": "backend.sensorstags", "pk": 61, "fields": {"sensor": 61, "tag": 9, "date_created": "2016-03-06T19:48:16.119"}}, {"model": "backend.sensorstags", "pk": 62, "fields": {"sensor": 62, "tag": 11, "date_created": "2016-03-06T19:48:16.121"}}, {"model": "backend.sensorstags", "pk": 63, "fields": {"sensor": 63, "tag": 12, "date_created": "2016-03-06T19:48:16.122"}}, {"model": "backend.sensorstags", "pk": 64, "fields": {"sensor": 64, "tag": 13, "date_created": "2016-03-06T19:48:16.124"}}, {"model": "backend.sensorstags", "pk": 65, "fields": {"sensor": 65, "tag": 14, "date_created": "2016-03-06T19:48:16.126"}}, {"model": "backend.sensorstags", "pk": 66, "fields": {"sensor": 66, "tag": 18, "date_created": "2016-03-06T19:48:16.128"}}, {"model": "backend.sensorstags", "pk": 67, "fields": {"sensor": 67, "tag": 19, "date_created": "2016-03-06T19:48:16.131"}}, {"model": "backend.sensorstags", "pk": 68, "fields": {"sensor": 68, "tag": 20, "date_created": "2016-03-06T19:48:16.132"}}, {"model": "backend.sensorstags", "pk": 69, "fields": {"sensor": 69, "tag": 21, "date_created": "2016-03-06T19:48:16.134"}}, {"model": "backend.sensorstags", "pk": 70, "fields": {"sensor": 70, "tag": 22, "date_created": "2016-03-06T19:48:16.135"}}, {"model": "backend.sensorstags", "pk": 71, "fields": {"sensor": 71, "tag": 23, "date_created": "2016-03-06T19:48:16.137"}}, {"model": "backend.sensorstags", "pk": 72, "fields": {"sensor": 72, "tag": 24, "date_created": "2016-03-06T19:48:16.139"}}, {"model": "backend.sensorstags", "pk": 73, "fields": {"sensor": 73, "tag": 27, "date_created": "2016-03-06T19:48:16.141"}}, {"model": "backend.sensorstags", "pk": 74, "fields": {"sensor": 74, "tag": 2, "date_created": "2016-03-06T19:48:16.144"}}, {"model": "backend.sensorstags", "pk": 75, "fields": {"sensor": 75, "tag": 5, "date_created": "2016-03-06T19:48:16.146"}}, {"model": "backend.sensorstags", "pk": 76, "fields": {"sensor": 76, "tag": 7, "date_created": "2016-03-06T19:48:16.148"}}, {"model": "backend.sensorstags", "pk": 77, "fields": {"sensor": 77, "tag": 8, "date_created": "2016-03-06T19:48:16.149"}}, {"model": "backend.sensorstags", "pk": 78, "fields": {"sensor": 78, "tag": 9, "date_created": "2016-03-06T19:48:16.151"}}, {"model": "backend.sensorstags", "pk": 79, "fields": {"sensor": 79, "tag": 10, "date_created": "2016-03-06T19:48:16.153"}}, {"model": "backend.sensorstags", "pk": 80, "fields": {"sensor": 80, "tag": 11, "date_created": "2016-03-06T19:48:16.154"}}, {"model": "backend.sensorstags", "pk": 81, "fields": {"sensor": 81, "tag": 13, "date_created": "2016-03-06T19:48:16.156"}}, {"model": "backend.sensorstags", "pk": 82, "fields": {"sensor": 82, "tag": 14, "date_created": "2016-03-06T19:48:16.158"}}, {"model": "backend.sensorstags", "pk": 83, "fields": {"sensor": 83, "tag": 15, "date_created": "2016-03-06T19:48:16.161"}}, {"model": "backend.sensorstags", "pk": 84, "fields": {"sensor": 84, "tag": 16, "date_created": "2016-03-06T19:48:16.163"}}, {"model": "backend.sensorstags", "pk": 85, "fields": {"sensor": 85, "tag": 18, "date_created": "2016-03-06T19:48:16.165"}}, {"model": "backend.sensorstags", "pk": 86, "fields": {"sensor": 86, "tag": 19, "date_created": "2016-03-06T19:48:16.167"}}, {"model": "backend.sensorstags", "pk": 87, "fields": {"sensor": 87, "tag": 22, "date_created": "2016-03-06T19:48:16.169"}}, {"model": "backend.sensorstags", "pk": 88, "fields": {"sensor": 88, "tag": 23, "date_created": "2016-03-06T19:48:16.170"}}, {"model": "backend.sensorstags", "pk": 89, "fields": {"sensor": 89, "tag": 24, "date_created": "2016-03-06T19:48:16.172"}}, {"model": "backend.sensorstags", "pk": 90, "fields": {"sensor": 90, "tag": 26, "date_created": "2016-03-06T19:48:16.174"}}, {"model": "backend.sensorstags", "pk": 91, "fields": {"sensor": 91, "tag": 6, "date_created": "2016-03-06T19:48:16.177"}}, {"model": "backend.sensorstags", "pk": 92, "fields": {"sensor": 92, "tag": 8, "date_created": "2016-03-06T19:48:16.180"}}, {"model": "backend.sensorstags", "pk": 93, "fields": {"sensor": 93, "tag": 9, "date_created": "2016-03-06T19:48:16.181"}}, {"model": "backend.sensorstags", "pk": 94, "fields": {"sensor": 94, "tag": 10, "date_created": "2016-03-06T19:48:16.183"}}, {"model": "backend.sensorstags", "pk": 95, "fields": {"sensor": 95, "tag": 11, "date_created": "2016-03-06T19:48:16.185"}}, {"model": "backend.sensorstags", "pk": 96, "fields": {"sensor": 96, "tag": 13, "date_created": "2016-03-06T19:48:16.187"}}, {"model": "backend.sensorstags", "pk": 97, "fields": {"sensor": 97, "tag": 14, "date_created": "2016-03-06T19:48:16.188"}}, {"model": "backend.sensorstags", "pk": 98, "fields": {"sensor": 98, "tag": 15, "date_created": "2016-03-06T19:48:16.190"}}, {"model": "backend.sensorstags", "pk": 99, "fields": {"sensor": 99, "tag": 18, "date_created": "2016-03-06T19:48:16.193"}}, {"model": "backend.sensorstags", "pk": 100, "fields": {"sensor": 100, "tag": 19, "date_created": "2016-03-06T19:48:16.195"}}, {"model": "backend.sensorstags", "pk": 101, "fields": {"sensor": 101, "tag": 23, "date_created": "2016-03-06T19:48:16.197"}}, {"model": "backend.sensorstags", "pk": 102, "fields": {"sensor": 102, "tag": 24, "date_created": "2016-03-06T19:48:16.199"}}, {"model": "backend.sensorstags", "pk": 103, "fields": {"sensor": 103, "tag": 25, "date_created": "2016-03-06T19:48:16.201"}}, {"model": "backend.sensorstags", "pk": 104, "fields": {"sensor": 104, "tag": 27, "date_created": "2016-03-06T19:48:16.203"}}, {"model": "backend.sensorstags", "pk": 105, "fields": {"sensor": 105, "tag": 31, "date_created": "2016-03-06T19:48:16.204"}}, {"model": "backend.sensorstags", "pk": 106, "fields": {"sensor": 106, "tag": 2, "date_created": "2016-03-06T19:48:16.207"}}, {"model": "backend.sensorstags", "pk": 107, "fields": {"sensor": 107, "tag": 4, "date_created": "2016-03-06T19:48:16.209"}}, {"model": "backend.sensorstags", "pk": 108, "fields": {"sensor": 108, "tag": 5, "date_created": "2016-03-06T19:48:16.211"}}, {"model": "backend.sensorstags", "pk": 109, "fields": {"sensor": 109, "tag": 6, "date_created": "2016-03-06T19:48:16.213"}}, {"model": "backend.sensorstags", "pk": 110, "fields": {"sensor": 110, "tag": 7, "date_created": "2016-03-06T19:48:16.215"}}, {"model": "backend.sensorstags", "pk": 111, "fields": {"sensor": 111, "tag": 8, "date_created": "2016-03-06T19:48:16.217"}}, {"model": "backend.sensorstags", "pk": 112, "fields": {"sensor": 112, "tag": 9, "date_created": "2016-03-06T19:48:16.218"}}, {"model": "backend.sensorstags", "pk": 113, "fields": {"sensor": 113, "tag": 10, "date_created": "2016-03-06T19:48:16.220"}}, {"model": "backend.sensorstags", "pk": 114, "fields": {"sensor": 114, "tag": 11, "date_created": "2016-03-06T19:48:16.222"}}, {"model": "backend.sensorstags", "pk": 115, "fields": {"sensor": 115, "tag": 13, "date_created": "2016-03-06T19:48:16.224"}}, {"model": "backend.sensorstags", "pk": 116, "fields": {"sensor": 116, "tag": 15, "date_created": "2016-03-06T19:48:16.227"}}, {"model": "backend.sensorstags", "pk": 117, "fields": {"sensor": 117, "tag": 16, "date_created": "2016-03-06T19:48:16.229"}}, {"model": "backend.sensorstags", "pk": 118, "fields": {"sensor": 118, "tag": 19, "date_created": "2016-03-06T19:48:16.230"}}, {"model": "backend.sensorstags", "pk": 119, "fields": {"sensor": 119, "tag": 22, "date_created": "2016-03-06T19:48:16.232"}}, {"model": "backend.sensorstags", "pk": 120, "fields": {"sensor": 120, "tag": 23, "date_created": "2016-03-06T19:48:16.234"}}, {"model": "backend.sensorstags", "pk": 121, "fields": {"sensor": 121, "tag": 24, "date_created": "2016-03-06T19:48:16.235"}}, {"model": "backend.sensorstags", "pk": 122, "fields": {"sensor": 122, "tag": 27, "date_created": "2016-03-06T19:48:16.237"}}, {"model": "backend.sensorstags", "pk": 123, "fields": {"sensor": 123, "tag": 2, "date_created": "2016-03-06T19:48:16.240"}}, {"model": "backend.sensorstags", "pk": 124, "fields": {"sensor": 124, "tag": 5, "date_created": "2016-03-06T19:48:16.242"}}, {"model": "backend.sensorstags", "pk": 125, "fields": {"sensor": 125, "tag": 6, "date_created": "2016-03-06T19:48:16.244"}}, {"model": "backend.sensorstags", "pk": 126, "fields": {"sensor": 126, "tag": 7, "date_created": "2016-03-06T19:48:16.246"}}, {"model": "backend.sensorstags", "pk": 127, "fields": {"sensor": 127, "tag": 8, "date_created": "2016-03-06T19:48:16.248"}}, {"model": "backend.sensorstags", "pk": 128, "fields": {"sensor": 128, "tag": 10, "date_created": "2016-03-06T19:48:16.249"}}, {"model": "backend.sensorstags", "pk": 129, "fields": {"sensor": 129, "tag": 11, "date_created": "2016-03-06T19:48:16.251"}}, {"model": "backend.sensorstags", "pk": 130, "fields": {"sensor": 130, "tag": 12, "date_created": "2016-03-06T19:48:16.253"}}, {"model": "backend.sensorstags", "pk": 131, "fields": {"sensor": 131, "tag": 13, "date_created": "2016-03-06T19:48:16.255"}}, {"model": "backend.sensorstags", "pk": 132, "fields": {"sensor": 132, "tag": 15, "date_created": "2016-03-06T19:48:16.257"}}, {"model": "backend.sensorstags", "pk": 133, "fields": {"sensor": 133, "tag": 18, "date_created": "2016-03-06T19:48:16.260"}}, {"model": "backend.sensorstags", "pk": 134, "fields": {"sensor": 134, "tag": 19, "date_created": "2016-03-06T19:48:16.261"}}, {"model": "backend.sensorstags", "pk": 135, "fields": {"sensor": 135, "tag": 21, "date_created": "2016-03-06T19:48:16.264"}}, {"model": "backend.sensorstags", "pk": 136, "fields": {"sensor": 136, "tag": 22, "date_created": "2016-03-06T19:48:16.265"}}, {"model": "backend.sensorstags", "pk": 137, "fields": {"sensor": 137, "tag": 23, "date_created": "2016-03-06T19:48:16.267"}}, {"model": "backend.sensorstags", "pk": 138, "fields": {"sensor": 138, "tag": 24, "date_created": "2016-03-06T19:48:16.269"}}, {"model": "backend.sensorstags", "pk": 139, "fields": {"sensor": 139, "tag": 27, "date_created": "2016-03-06T19:48:16.271"}}, {"model": "backend.sensorstags", "pk": 140, "fields": {"sensor": 140, "tag": 31, "date_created": "2016-03-06T19:48:16.273"}}, {"model": "backend.sensorstags", "pk": 141, "fields": {"sensor": 141, "tag": 3, "date_created": "2016-03-06T19:48:16.276"}}, {"model": "backend.sensorstags", "pk": 142, "fields": {"sensor": 142, "tag": 4, "date_created": "2016-03-06T19:48:16.277"}}, {"model": "backend.sensorstags", "pk": 143, "fields": {"sensor": 143, "tag": 5, "date_created": "2016-03-06T19:48:16.280"}}, {"model": "backend.sensorstags", "pk": 144, "fields": {"sensor": 144, "tag": 6, "date_created": "2016-03-06T19:48:16.282"}}, {"model": "backend.sensorstags", "pk": 145, "fields": {"sensor": 145, "tag": 7, "date_created": "2016-03-06T19:48:16.284"}}, {"model": "backend.sensorstags", "pk": 146, "fields": {"sensor": 146, "tag": 8, "date_created": "2016-03-06T19:48:16.285"}}, {"model": "backend.sensorstags", "pk": 147, "fields": {"sensor": 147, "tag": 9, "date_created": "2016-03-06T19:48:16.287"}}, {"model": "backend.sensorstags", "pk": 148, "fields": {"sensor": 148, "tag": 10, "date_created": "2016-03-06T19:48:16.289"}}, {"model": "backend.sensorstags", "pk": 149, "fields": {"sensor": 149, "tag": 11, "date_created": "2016-03-06T19:48:16.291"}}, {"model": "backend.sensorstags", "pk": 150, "fields": {"sensor": 150, "tag": 12, "date_created": "2016-03-06T19:48:16.293"}}, {"model": "backend.sensorstags", "pk": 151, "fields": {"sensor": 151, "tag": 13, "date_created": "2016-03-06T19:48:16.296"}}, {"model": "backend.sensorstags", "pk": 152, "fields": {"sensor": 152, "tag": 14, "date_created": "2016-03-06T19:48:16.297"}}, {"model": "backend.sensorstags", "pk": 153, "fields": {"sensor": 153, "tag": 16, "date_created": "2016-03-06T19:48:16.299"}}, {"model": "backend.sensorstags", "pk": 154, "fields": {"sensor": 154, "tag": 17, "date_created": "2016-03-06T19:48:16.301"}}, {"model": "backend.sensorstags", "pk": 155, "fields": {"sensor": 155, "tag": 18, "date_created": "2016-03-06T19:48:16.303"}}, {"model": "backend.sensorstags", "pk": 156, "fields": {"sensor": 156, "tag": 19, "date_created": "2016-03-06T19:48:16.304"}}, {"model": "backend.sensorstags", "pk": 157, "fields": {"sensor": 157, "tag": 22, "date_created": "2016-03-06T19:48:16.306"}}, {"model": "backend.sensorstags", "pk": 158, "fields": {"sensor": 158, "tag": 23, "date_created": "2016-03-06T19:48:16.308"}}, {"model": "backend.sensorstags", "pk": 159, "fields": {"sensor": 159, "tag": 24, "date_created": "2016-03-06T19:48:16.310"}}, {"model": "backend.sensorstags", "pk": 160, "fields": {"sensor": 160, "tag": 26, "date_created": "2016-03-06T19:48:16.312"}}, {"model": "backend.sensorstags", "pk": 161, "fields": {"sensor": 161, "tag": 31, "date_created": "2016-03-06T19:48:16.314"}}, {"model": "backend.sensorstags", "pk": 162, "fields": {"sensor": 162, "tag": 2, "date_created": "2016-03-06T19:48:16.317"}}, {"model": "backend.sensorstags", "pk": 163, "fields": {"sensor": 163, "tag": 3, "date_created": "2016-03-06T19:48:16.319"}}, {"model": "backend.sensorstags", "pk": 164, "fields": {"sensor": 164, "tag": 4, "date_created": "2016-03-06T19:48:16.320"}}, {"model": "backend.sensorstags", "pk": 165, "fields": {"sensor": 165, "tag": 6, "date_created": "2016-03-06T19:48:16.322"}}, {"model": "backend.sensorstags", "pk": 166, "fields": {"sensor": 166, "tag": 7, "date_created": "2016-03-06T19:48:16.324"}}, {"model": "backend.sensorstags", "pk": 167, "fields": {"sensor": 167, "tag": 8, "date_created": "2016-03-06T19:48:16.326"}}, {"model": "backend.sensorstags", "pk": 168, "fields": {"sensor": 168, "tag": 9, "date_created": "2016-03-06T19:48:16.328"}}, {"model": "backend.sensorstags", "pk": 169, "fields": {"sensor": 169, "tag": 10, "date_created": "2016-03-06T19:48:16.330"}}, {"model": "backend.sensorstags", "pk": 170, "fields": {"sensor": 170, "tag": 11, "date_created": "2016-03-06T19:48:16.332"}}, {"model": "backend.sensorstags", "pk": 171, "fields": {"sensor": 171, "tag": 13, "date_created": "2016-03-06T19:48:16.334"}}, {"model": "backend.sensorstags", "pk": 172, "fields": {"sensor": 172, "tag": 14, "date_created": "2016-03-06T19:48:16.336"}}, {"model": "backend.sensorstags", "pk": 173, "fields": {"sensor": 173, "tag": 15, "date_created": "2016-03-06T19:48:16.337"}}, {"model": "backend.sensorstags", "pk": 174, "fields": {"sensor": 174, "tag": 18, "date_created": "2016-03-06T19:48:16.339"}}, {"model": "backend.sensorstags", "pk": 175, "fields": {"sensor": 175, "tag": 19, "date_created": "2016-03-06T19:48:16.341"}}, {"model": "backend.sensorstags", "pk": 176, "fields": {"sensor": 176, "tag": 20, "date_created": "2016-03-06T19:48:16.343"}}, {"model": "backend.sensorstags", "pk": 177, "fields": {"sensor": 177, "tag": 22, "date_created": "2016-03-06T19:48:16.345"}}, {"model": "backend.sensorstags", "pk": 178, "fields": {"sensor": 178, "tag": 23, "date_created": "2016-03-06T19:48:16.347"}}, {"model": "backend.sensorstags", "pk": 179, "fields": {"sensor": 179, "tag": 24, "date_created": "2016-03-06T19:48:16.349"}}, {"model": "backend.sensorstags", "pk": 180, "fields": {"sensor": 180, "tag": 27, "date_created": "2016-03-06T19:48:16.351"}}, {"model": "backend.sensorstags", "pk": 181, "fields": {"sensor": 181, "tag": 31, "date_created": "2016-03-06T19:48:16.353"}}]