[{"model": "backend.home", "pk": 1, "fields": {"owner": 1, "name": "", "country": "", "city": "", "zipcode": "", "street": "", "house_number": "", "date_added": "2016-02-28T15:44:55.475"}}, {"model": "backend.home", "pk": 2, "fields": {"owner": 1, "name": "", "country": "", "city": "", "zipcode": "", "street": "", "house_number": "", "date_added": "2016-02-28T15:44:55.522"}}, {"model": "backend.home", "pk": 3, "fields": {"owner": 1, "name": "", "country": "", "city": "", "zipcode": "", "street": "", "house_number": "", "date_added": "2016-02-28T15:44:55.558"}}, {"model": "backend.home", "pk": 4, "fields": {"owner": 1, "name": "", "country": "", "city": "", "zipcode": "", "street": "", "house_number": "", "date_added": "2016-02-28T15:44:55.597"}}, {"model": "backend.home", "pk": 5, "fields": {"owner": 1, "name": "", "country": "", "city": "", "zipcode": "", "street": "", "house_number": "", "date_added": "2016-02-28T15:44:55.629"}}, {"model": "backend.home", "pk": 6, "fields": {"owner": 1, "name": "", "country": "", "city": "", "zipcode": "", "street": "", "house_number": "", "date_added": "2016-02-28T15:44:55.661"}}, {"model": "backend.home", "pk": 7, "fields": {"owner": 1, "name": "", "country": "", "city": "", "zipcode": "", "street": "", "house_number": "", "date_added": "2016-02-28T15:44:55.690"}}, {"model": "backend.home", "pk": 8, "fields": {"owner": 1, "name": "", "country": "", "city": "", "zipcode": "", "street": "", "house_number": "", "date_added": "2016-02-28T15:44:55.724"}}, {"model": "backend.home", "pk": 9, "fields": {"owner": 1, "name": "", "country": "", "city": "", "zipcode": "", "street": "", "house_number": "", "date_added": "2016-02-28T15:44:55.761"}}, {"model": "backend.home", "pk": 10, "fields": {"owner": 1, "name": "", "country": "", "city": "", "zipcode": "", "street": "", "house_number": "", "date_added": "2016-02-28T15:44:55.803"}}, {"model": "backend.sensor", "pk": 1, "fields": {"home": 1, "name": "Fridge freezer", "description": "", "power_unit": "Wh", "date_created": "2016-02-28T15:44:55.485"}}, {"model": "backend.sensor", "pk": 2, "fields": {"home": 1, "name": "Answer machine", "description": "", "power_unit": "Wh", "date_created": "2016-02-28T15:44:55.489"}}, {"model": "backend.sensor", "pk": 3, "fields": {"home": 1, "name": "Cassette / CD Player", "description": "", "power_unit": "Wh", "date_created": "2016-02-28T15:44:55.491"}}, {"model": "backend.sensor", "pk": 4, "fields": {"home": 1, "name": "Cordless telephone", "description": "", "power_unit": "Wh", "date_created": "2016-02-28T15:44:55.494"}}, {"model": "backend.sensor", "pk": 5, "fields": {"home": 1, "name": "Hi-Fi", "description": "", "power_unit": "Wh", "date_created": "2016-02-28T15:44:55.496"}}, {"model": "backend.sensor", "pk": 6, "fields": {"home": 1, "name": "Iron", "description": "", "power_unit": "Wh", "date_created": "2016-02-28T15:44:55.498"}}, {"model": "backend.sensor", "pk": 7, "fields": {"home": 1, "name": "Vacuum", "description": "", "power_unit": "Wh", "date_created": "2016-02-28T15:44:55.500"}}, {"model": "backend.sensor", "pk": 8, "fields": {"home": 1, "name": "Fax", "description": "", "power_unit": "Wh", "date_created": "2016-02-28T15:44:55.502"}}, {"model": "backend.sensor", "pk": 9, "fields": {"home": 1, "name": "TV 1", "description": "", "power_unit": "Wh", "date_created": "2016-02-28T15:44:55.504"}}, {"model": "backend.sensor", "pk": 10, "fields": {"home": 1, "name": "VCR / DVD", "description": "", "power_unit": "Wh", "date_created": "2016-02-28T15:44:55.506"}}, {"model": "backend.sensor", "pk": 11, "fields": {"home": 1, "name": "TV Receiver box", "description": "", "power_unit": "Wh", "date_created": "2016-02-28T15:44:55.507"}}, {"model": "backend.sensor", "pk": 12, "fields": {"home": 1, "name": "Oven", "description": "", "power_unit": "Wh", "date_created": "2016-02-28T15:44:55.510"}}, {"model": "backend.sensor", "pk": 13, "fields": {"home": 1, "name": "Kettle", "description": "", "power_unit": "Wh", "date_created": "2016-02-28T15:44:55.512"}}, {"model": "backend.sensor", "pk": 14, "fields": {"home": 1, "name": "Small cooking (group)", "description": "", "power_unit": "Wh", "date_created": "2016-02-28T15:44:55.514"}}, {"model": "backend.sensor", "pk": 15, "fields": {"home": 1, "name": "Tumble dryer", "description": "", "power_unit": "Wh", "date_created": "2016-02-28T15:44:55.517"}}, {"model": "backend.sensor", "pk": 16, "fields": {"home": 1, "name": "Washing machine", "description": "", "power_unit": "Wh", "date_created": "2016-02-28T15:44:55.519"}}, {"model": "backend.sensor", "pk": 17, "fields": {"home": 1, "name": "Electric shower", "description": "", "power_unit": "Wh", "date_created": "2016-02-28T15:44:55.521"}}, {"model": "backend.sensor", "pk": 18, "fields": {"home": 2, "name": "Answer machine", "description": "", "power_unit": "Wh", "date_created": "2016-02-28T15:44:55.524"}}, {"model": "backend.sensor", "pk": 19, "fields": {"home": 2, "name": "Cassette / CD Player", "description": "", "power_unit": "Wh", "date_created": "2016-02-28T15:44:55.526"}}, {"model": "backend.sensor", "pk": 20, "fields": {"home": 2, "name": "Clock", "description": "", "power_unit": "Wh", "date_created": "2016-02-28T15:44:55.529"}}, {"model": "backend.sensor", "pk": 21, "fields": {"home": 2, "name": "Cordless telephone", "description": "", "power_unit": "Wh", "date_created": "2016-02-28T15:44:55.530"}}, {"model": "backend.sensor", "pk": 22, "fields": {"home": 2, "name": "Hi-Fi", "description": "", "power_unit": "Wh", "date_created": "2016-02-28T15:44:55.533"}}, {"model": "backend.sensor", "pk": 23, "fields": {"home": 2, "name": "Iron", "description": "", "power_unit": "Wh", "date_created": "2016-02-28T15:44:55.534"}}, {"model": "backend.sensor", "pk": 24, "fields": {"home": 2, "name": "Vacuum", "description": "", "power_unit": "Wh", "date_created": "2016-02-28T15:44:55.537"}}, {"model": "backend.sensor", "pk": 25, "fields": {"home": 2, "name": "Fax", "description": "", "power_unit": "Wh", "date_created": "2016-02-28T15:44:55.538"}}, {"model": "backend.sensor", "pk": 26, "fields": {"home": 2, "name": "Personal computer", "description": "", "power_unit": "Wh", "date_created": "2016-02-28T15:44:55.540"}}, {"model": "backend.sensor", "pk": 27, "fields": {"home": 2, "name": "Printer", "description": "", "power_unit": "Wh", "date_created": "2016-02-28T15:44:55.542"}}, {"model": "backend.sensor", "pk": 28, "fields": {"home": 2, "name": "TV 1", "description": "", "power_unit": "Wh", "date_created": "2016-02-28T15:44:55.544"}}, {"model": "backend.sensor", "pk": 29, "fields": {"home": 2, "name": "TV 2", "description": "", "power_unit": "Wh", "date_created": "2016-02-28T15:44:55.546"}}, {"model": "backend.sensor", "pk": 30, "fields": {"home": 2, "name": "VCR / DVD", "description": "", "power_unit": "Wh", "date_created": "2016-02-28T15:44:55.548"}}, {"model": "backend.sensor", "pk": 31, "fields": {"home": 2, "name": "TV Receiver box", "description": "", "power_unit": "Wh", "date_created": "2016-02-28T15:44:55.550"}}, {"model": "backend.sensor", "pk": 32, "fields": {"home": 2, "name": "Microwave", "description": "", "power_unit": "Wh", "date_created": "2016-02-28T15:44:55.551"}}, {"model": "backend.sensor", "pk": 33, "fields": {"home": 2, "name": "Kettle", "description": "", "power_unit": "Wh", "date_created": "2016-02-28T15:44:55.554"}}, {"model": "backend.sensor", "pk": 34, "fields": {"home": 2, "name": "Small cooking (group)", "description": "", "power_unit": "Wh", "date_created": "2016-02-28T15:44:55.555"}}, {"model": "backend.sensor", "pk": 35, "fields": {"home": 2, "name": "Washing machine", "description": "", "power_unit": "Wh", "date_created": "2016-02-28T15:44:55.557"}}, {"model": "backend.sensor", "pk": 36, "fields": {"home": 3, "name": "Upright freezer", "description": "", "power_unit": "Wh", "date_created": "2016-02-28T15:44:55.560"}}, {"model": "backend.sensor", "pk": 37, "fields": {"home": 3, "name": "Answer machine", "description": "", "power_unit": "Wh", "date_created": "2016-02-28T15:44:55.562"}}, {"model": "backend.sensor", "pk": 38, "fields": {"home": 3, "name": "Cassette / CD Player", "description": "", "power_unit": "Wh", "date_created": "2016-02-28T15:44:55.564"}}, {"model": "backend.sensor", "pk": 39, "fields": {"home": 3, "name": "Clock", "description": "", "power_unit": "Wh", "date_created": "2016-02-28T15:44:55.566"}}, {"model": "backend.sensor", "pk": 40, "fields": {"home": 3, "name": "Hi-Fi", "description": "", "power_unit": "Wh", "date_created": "2016-02-28T15:44:55.568"}}, {"model": "backend.sensor", "pk": 41, "fields": {"home": 3, "name": "Iron", "description": "", "power_unit": "Wh", "date_created": "2016-02-28T15:44:55.570"}}, {"model": "backend.sensor", "pk": 42, "fields": {"home": 3, "name": "Vacuum", "description": "", "power_unit": "Wh", "date_created": "2016-02-28T15:44:55.571"}}, {"model": "backend.sensor", "pk": 43, "fields": {"home": 3, "name": "Personal computer", "description": "", "power_unit": "Wh", "date_created": "2016-02-28T15:44:55.573"}}, {"model": "backend.sensor", "pk": 44, "fields": {"home": 3, "name": "Printer", "description": "", "power_unit": "Wh", "date_created": "2016-02-28T15:44:55.575"}}, {"model": "backend.sensor", "pk": 45, "fields": {"home": 3, "name": "TV 1", "description": "", "power_unit": "Wh", "date_created": "2016-02-28T15:44:55.577"}}, {"model": "backend.sensor", "pk": 46, "fields": {"home": 3, "name": "VCR / DVD", "description": "", "power_unit": "Wh", "date_created": "2016-02-28T15:44:55.578"}}, {"model": "backend.sensor", "pk": 47, "fields": {"home": 3, "name": "TV Receiver box", "description": "", "power_unit": "Wh", "date_created": "2016-02-28T15:44:55.580"}}, {"model": "backend.sensor", "pk": 48, "fields": {"home": 3, "name": "Hob", "description": "", "power_unit": "Wh", "date_created": "2016-02-28T15:44:55.582"}}, {"model": "backend.sensor", "pk": 49, "fields": {"home": 3, "name": "Oven", "description": "", "power_unit": "Wh", "date_created": "2016-02-28T15:44:55.583"}}, {"model": "backend.sensor", "pk": 50, "fields": {"home": 3, "name": "Microwave", "description": "", "power_unit": "Wh", "date_created": "2016-02-28T15:44:55.585"}}, {"model": "backend.sensor", "pk": 51, "fields": {"home": 3, "name": "Kettle", "description": "", "power_unit": "Wh", "date_created": "2016-02-28T15:44:55.587"}}, {"model": "backend.sensor", "pk": 52, "fields": {"home": 3, "name": "Small cooking (group)", "description": "", "power_unit": "Wh", "date_created": "2016-02-28T15:44:55.589"}}, {"model": "backend.sensor", "pk": 53, "fields": {"home": 3, "name": "Dish washer", "description": "", "power_unit": "Wh", "date_created": "2016-02-28T15:44:55.590"}}, {"model": "backend.sensor", "pk": 54, "fields": {"home": 3, "name": "Tumble dryer", "description": "", "power_unit": "Wh", "date_created": "2016-02-28T15:44:55.593"}}, {"model": "backend.sensor", "pk": 55, "fields": {"home": 3, "name": "Washing machine", "description": "", "power_unit": "Wh", "date_created": "2016-02-28T15:44:55.594"}}, {"model": "backend.sensor", "pk": 56, "fields": {"home": 3, "name": "Electric shower", "description": "", "power_unit": "Wh", "date_created": "2016-02-28T15:44:55.596"}}, {"model": "backend.sensor", "pk": 57, "fields": {"home": 4, "name": "Upright freezer", "description": "", "power_unit": "Wh", "date_created": "2016-02-28T15:44:55.599"}}, {"model": "backend.sensor", "pk": 58, "fields": {"home": 4, "name": "Answer machine", "description": "", "power_unit": "Wh", "date_created": "2016-02-28T15:44:55.601"}}, {"model": "backend.sensor", "pk": 59, "fields": {"home": 4, "name": "Clock", "description": "", "power_unit": "Wh", "date_created": "2016-02-28T15:44:55.603"}}, {"model": "backend.sensor", "pk": 60, "fields": {"home": 4, "name": "Cordless telephone", "description": "", "power_unit": "Wh", "date_created": "2016-02-28T15:44:55.605"}}, {"model": "backend.sensor", "pk": 61, "fields": {"home": 4, "name": "Hi-Fi", "description": "", "power_unit": "Wh", "date_created": "2016-02-28T15:44:55.606"}}, {"model": "backend.sensor", "pk": 62, "fields": {"home": 4, "name": "Vacuum", "description": "", "power_unit": "Wh", "date_created": "2016-02-28T15:44:55.608"}}, {"model": "backend.sensor", "pk": 63, "fields": {"home": 4, "name": "Fax", "description": "", "power_unit": "Wh", "date_created": "2016-02-28T15:44:55.610"}}, {"model": "backend.sensor", "pk": 64, "fields": {"home": 4, "name": "Personal computer", "description": "", "power_unit": "Wh", "date_created": "2016-02-28T15:44:55.611"}}, {"model": "backend.sensor", "pk": 65, "fields": {"home": 4, "name": "Printer", "description": "", "power_unit": "Wh", "date_created": "2016-02-28T15:44:55.613"}}, {"model": "backend.sensor", "pk": 66, "fields": {"home": 4, "name": "VCR / DVD", "description": "", "power_unit": "Wh", "date_created": "2016-02-28T15:44:55.615"}}, {"model": "backend.sensor", "pk": 67, "fields": {"home": 4, "name": "TV Receiver box", "description": "", "power_unit": "Wh", "date_created": "2016-02-28T15:44:55.617"}}, {"model": "backend.sensor", "pk": 68, "fields": {"home": 4, "name": "Hob", "description": "", "power_unit": "Wh", "date_created": "2016-02-28T15:44:55.618"}}, {"model": "backend.sensor", "pk": 69, "fields": {"home": 4, "name": "Oven", "description": "", "power_unit": "Wh", "date_created": "2016-02-28T15:44:55.620"}}, {"model": "backend.sensor", "pk": 70, "fields": {"home": 4, "name": "Microwave", "description": "", "power_unit": "Wh", "date_created": "2016-02-28T15:44:55.622"}}, {"model": "backend.sensor", "pk": 71, "fields": {"home": 4, "name": "Kettle", "description": "", "power_unit": "Wh", "date_created": "2016-02-28T15:44:55.623"}}, {"model": "backend.sensor", "pk": 72, "fields": {"home": 4, "name": "Small cooking (group)", "description": "", "power_unit": "Wh", "date_created": "2016-02-28T15:44:55.625"}}, {"model": "backend.sensor", "pk": 73, "fields": {"home": 4, "name": "Washing machine", "description": "", "power_unit": "Wh", "date_created": "2016-02-28T15:44:55.627"}}, {"model": "backend.sensor", "pk": 74, "fields": {"home": 5, "name": "Fridge freezer", "description": "", "power_unit": "Wh", "date_created": "2016-02-28T15:44:55.630"}}, {"model": "backend.sensor", "pk": 75, "fields": {"home": 5, "name": "Answer machine", "description": "", "power_unit": "Wh", "date_created": "2016-02-28T15:44:55.633"}}, {"model": "backend.sensor", "pk": 76, "fields": {"home": 5, "name": "Clock", "description": "", "power_unit": "Wh", "date_created": "2016-02-28T15:44:55.634"}}, {"model": "backend.sensor", "pk": 77, "fields": {"home": 5, "name": "Cordless telephone", "description": "", "power_unit": "Wh", "date_created": "2016-02-28T15:44:55.636"}}, {"model": "backend.sensor", "pk": 78, "fields": {"home": 5, "name": "Hi-Fi", "description": "", "power_unit": "Wh", "date_created": "2016-02-28T15:44:55.638"}}, {"model": "backend.sensor", "pk": 79, "fields": {"home": 5, "name": "Iron", "description": "", "power_unit": "Wh", "date_created": "2016-02-28T15:44:55.639"}}, {"model": "backend.sensor", "pk": 80, "fields": {"home": 5, "name": "Vacuum", "description": "", "power_unit": "Wh", "date_created": "2016-02-28T15:44:55.641"}}, {"model": "backend.sensor", "pk": 81, "fields": {"home": 5, "name": "Personal computer", "description": "", "power_unit": "Wh", "date_created": "2016-02-28T15:44:55.643"}}, {"model": "backend.sensor", "pk": 82, "fields": {"home": 5, "name": "Printer", "description": "", "power_unit": "Wh", "date_created": "2016-02-28T15:44:55.645"}}, {"model": "backend.sensor", "pk": 83, "fields": {"home": 5, "name": "TV 1", "description": "", "power_unit": "Wh", "date_created": "2016-02-28T15:44:55.647"}}, {"model": "backend.sensor", "pk": 84, "fields": {"home": 5, "name": "TV 2", "description": "", "power_unit": "Wh", "date_created": "2016-02-28T15:44:55.649"}}, {"model": "backend.sensor", "pk": 85, "fields": {"home": 5, "name": "VCR / DVD", "description": "", "power_unit": "Wh", "date_created": "2016-02-28T15:44:55.650"}}, {"model": "backend.sensor", "pk": 86, "fields": {"home": 5, "name": "TV Receiver box", "description": "", "power_unit": "Wh", "date_created": "2016-02-28T15:44:55.652"}}, {"model": "backend.sensor", "pk": 87, "fields": {"home": 5, "name": "Microwave", "description": "", "power_unit": "Wh", "date_created": "2016-02-28T15:44:55.654"}}, {"model": "backend.sensor", "pk": 88, "fields": {"home": 5, "name": "Kettle", "description": "", "power_unit": "Wh", "date_created": "2016-02-28T15:44:55.656"}}, {"model": "backend.sensor", "pk": 89, "fields": {"home": 5, "name": "Small cooking (group)", "description": "", "power_unit": "Wh", "date_created": "2016-02-28T15:44:55.658"}}, {"model": "backend.sensor", "pk": 90, "fields": {"home": 5, "name": "Tumble dryer", "description": "", "power_unit": "Wh", "date_created": "2016-02-28T15:44:55.660"}}, {"model": "backend.sensor", "pk": 91, "fields": {"home": 6, "name": "Cassette / CD Player", "description": "", "power_unit": "Wh", "date_created": "2016-02-28T15:44:55.663"}}, {"model": "backend.sensor", "pk": 92, "fields": {"home": 6, "name": "Cordless telephone", "description": "", "power_unit": "Wh", "date_created": "2016-02-28T15:44:55.665"}}, {"model": "backend.sensor", "pk": 93, "fields": {"home": 6, "name": "Hi-Fi", "description": "", "power_unit": "Wh", "date_created": "2016-02-28T15:44:55.667"}}, {"model": "backend.sensor", "pk": 94, "fields": {"home": 6, "name": "Iron", "description": "", "power_unit": "Wh", "date_created": "2016-02-28T15:44:55.669"}}, {"model": "backend.sensor", "pk": 95, "fields": {"home": 6, "name": "Vacuum", "description": "", "power_unit": "Wh", "date_created": "2016-02-28T15:44:55.670"}}, {"model": "backend.sensor", "pk": 96, "fields": {"home": 6, "name": "Personal computer", "description": "", "power_unit": "Wh", "date_created": "2016-02-28T15:44:55.672"}}, {"model": "backend.sensor", "pk": 97, "fields": {"home": 6, "name": "Printer", "description": "", "power_unit": "Wh", "date_created": "2016-02-28T15:44:55.674"}}, {"model": "backend.sensor", "pk": 98, "fields": {"home": 6, "name": "TV 1", "description": "", "power_unit": "Wh", "date_created": "2016-02-28T15:44:55.676"}}, {"model": "backend.sensor", "pk": 99, "fields": {"home": 6, "name": "VCR / DVD", "description": "", "power_unit": "Wh", "date_created": "2016-02-28T15:44:55.678"}}, {"model": "backend.sensor", "pk": 100, "fields": {"home": 6, "name": "TV Receiver box", "description": "", "power_unit": "Wh", "date_created": "2016-02-28T15:44:55.679"}}, {"model": "backend.sensor", "pk": 101, "fields": {"home": 6, "name": "Kettle", "description": "", "power_unit": "Wh", "date_created": "2016-02-28T15:44:55.681"}}, {"model": "backend.sensor", "pk": 102, "fields": {"home": 6, "name": "Small cooking (group)", "description": "", "power_unit": "Wh", "date_created": "2016-02-28T15:44:55.683"}}, {"model": "backend.sensor", "pk": 103, "fields": {"home": 6, "name": "Dish washer", "description": "", "power_unit": "Wh", "date_created": "2016-02-28T15:44:55.685"}}, {"model": "backend.sensor", "pk": 104, "fields": {"home": 6, "name": "Washing machine", "description": "", "power_unit": "Wh", "date_created": "2016-02-28T15:44:55.687"}}, {"model": "backend.sensor", "pk": 105, "fields": {"home": 6, "name": "Electric shower", "description": "", "power_unit": "Wh", "date_created": "2016-02-28T15:44:55.689"}}, {"model": "backend.sensor", "pk": 106, "fields": {"home": 7, "name": "Fridge freezer", "description": "", "power_unit": "Wh", "date_created": "2016-02-28T15:44:55.691"}}, {"model": "backend.sensor", "pk": 107, "fields": {"home": 7, "name": "Upright freezer", "description": "", "power_unit": "Wh", "date_created": "2016-02-28T15:44:55.694"}}, {"model": "backend.sensor", "pk": 108, "fields": {"home": 7, "name": "Answer machine", "description": "", "power_unit": "Wh", "date_created": "2016-02-28T15:44:55.695"}}, {"model": "backend.sensor", "pk": 109, "fields": {"home": 7, "name": "Cassette / CD Player", "description": "", "power_unit": "Wh", "date_created": "2016-02-28T15:44:55.697"}}, {"model": "backend.sensor", "pk": 110, "fields": {"home": 7, "name": "Clock", "description": "", "power_unit": "Wh", "date_created": "2016-02-28T15:44:55.699"}}, {"model": "backend.sensor", "pk": 111, "fields": {"home": 7, "name": "Cordless telephone", "description": "", "power_unit": "Wh", "date_created": "2016-02-28T15:44:55.701"}}, {"model": "backend.sensor", "pk": 112, "fields": {"home": 7, "name": "Hi-Fi", "description": "", "power_unit": "Wh", "date_created": "2016-02-28T15:44:55.703"}}, {"model": "backend.sensor", "pk": 113, "fields": {"home": 7, "name": "Iron", "description": "", "power_unit": "Wh", "date_created": "2016-02-28T15:44:55.705"}}, {"model": "backend.sensor", "pk": 114, "fields": {"home": 7, "name": "Vacuum", "description": "", "power_unit": "Wh", "date_created": "2016-02-28T15:44:55.706"}}, {"model": "backend.sensor", "pk": 115, "fields": {"home": 7, "name": "Personal computer", "description": "", "power_unit": "Wh", "date_created": "2016-02-28T15:44:55.708"}}, {"model": "backend.sensor", "pk": 116, "fields": {"home": 7, "name": "TV 1", "description": "", "power_unit": "Wh", "date_created": "2016-02-28T15:44:55.710"}}, {"model": "backend.sensor", "pk": 117, "fields": {"home": 7, "name": "TV 2", "description": "", "power_unit": "Wh", "date_created": "2016-02-28T15:44:55.713"}}, {"model": "backend.sensor", "pk": 118, "fields": {"home": 7, "name": "TV Receiver box", "description": "", "power_unit": "Wh", "date_created": "2016-02-28T15:44:55.714"}}, {"model": "backend.sensor", "pk": 119, "fields": {"home": 7, "name": "Microwave", "description": "", "power_unit": "Wh", "date_created": "2016-02-28T15:44:55.716"}}, {"model": "backend.sensor", "pk": 120, "fields": {"home": 7, "name": "Kettle", "description": "", "power_unit": "Wh", "date_created": "2016-02-28T15:44:55.718"}}, {"model": "backend.sensor", "pk": 121, "fields": {"home": 7, "name": "Small cooking (group)", "description": "", "power_unit": "Wh", "date_created": "2016-02-28T15:44:55.719"}}, {"model": "backend.sensor", "pk": 122, "fields": {"home": 7, "name": "Washing machine", "description": "", "power_unit": "Wh", "date_created": "2016-02-28T15:44:55.723"}}, {"model": "backend.sensor", "pk": 123, "fields": {"home": 8, "name": "Fridge freezer", "description": "", "power_unit": "Wh", "date_created": "2016-02-28T15:44:55.726"}}, {"model": "backend.sensor", "pk": 124, "fields": {"home": 8, "name": "Answer machine", "description": "", "power_unit": "Wh", "date_created": "2016-02-28T15:44:55.728"}}, {"model": "backend.sensor", "pk": 125, "fields": {"home": 8, "name": "Cassette / CD Player", "description": "", "power_unit": "Wh", "date_created": "2016-02-28T15:44:55.730"}}, {"model": "backend.sensor", "pk": 126, "fields": {"home": 8, "name": "Clock", "description": "", "power_unit": "Wh", "date_created": "2016-02-28T15:44:55.732"}}, {"model": "backend.sensor", "pk": 127, "fields": {"home": 8, "name": "Cordless telephone", "description": "", "power_unit": "Wh", "date_created": "2016-02-28T15:44:55.734"}}, {"model": "backend.sensor", "pk": 128, "fields": {"home": 8, "name": "Iron", "description": "", "power_unit": "Wh", "date_created": "2016-02-28T15:44:55.736"}}, {"model": "backend.sensor", "pk": 129, "fields": {"home": 8, "name": "Vacuum", "description": "", "power_unit": "Wh", "date_created": "2016-02-28T15:44:55.738"}}, {"model": "backend.sensor", "pk": 130, "fields": {"home": 8, "name": "Fax", "description": "", "power_unit": "Wh", "date_created": "2016-02-28T15:44:55.739"}}, {"model": "backend.sensor", "pk": 131, "fields": {"home": 8, "name": "Personal computer", "description": "", "power_unit": "Wh", "date_created": "2016-02-28T15:44:55.742"}}, {"model": "backend.sensor", "pk": 132, "fields": {"home": 8, "name": "TV 1", "description": "", "power_unit": "Wh", "date_created": "2016-02-28T15:44:55.743"}}, {"model": "backend.sensor", "pk": 133, "fields": {"home": 8, "name": "VCR / DVD", "description": "", "power_unit": "Wh", "date_created": "2016-02-28T15:44:55.745"}}, {"model": "backend.sensor", "pk": 134, "fields": {"home": 8, "name": "TV Receiver box", "description": "", "power_unit": "Wh", "date_created": "2016-02-28T15:44:55.747"}}, {"model": "backend.sensor", "pk": 135, "fields": {"home": 8, "name": "Oven", "description": "", "power_unit": "Wh", "date_created": "2016-02-28T15:44:55.749"}}, {"model": "backend.sensor", "pk": 136, "fields": {"home": 8, "name": "Microwave", "description": "", "power_unit": "Wh", "date_created": "2016-02-28T15:44:55.751"}}, {"model": "backend.sensor", "pk": 137, "fields": {"home": 8, "name": "Kettle", "description": "", "power_unit": "Wh", "date_created": "2016-02-28T15:44:55.754"}}, {"model": "backend.sensor", "pk": 138, "fields": {"home": 8, "name": "Small cooking (group)", "description": "", "power_unit": "Wh", "date_created": "2016-02-28T15:44:55.755"}}, {"model": "backend.sensor", "pk": 139, "fields": {"home": 8, "name": "Washing machine", "description": "", "power_unit": "Wh", "date_created": "2016-02-28T15:44:55.757"}}, {"model": "backend.sensor", "pk": 140, "fields": {"home": 8, "name": "Electric shower", "description": "", "power_unit": "Wh", "date_created": "2016-02-28T15:44:55.759"}}, {"model": "backend.sensor", "pk": 141, "fields": {"home": 9, "name": "Refrigerator", "description": "", "power_unit": "Wh", "date_created": "2016-02-28T15:44:55.763"}}, {"model": "backend.sensor", "pk": 142, "fields": {"home": 9, "name": "Upright freezer", "description": "", "power_unit": "Wh", "date_created": "2016-02-28T15:44:55.765"}}, {"model": "backend.sensor", "pk": 143, "fields": {"home": 9, "name": "Answer machine", "description": "", "power_unit": "Wh", "date_created": "2016-02-28T15:44:55.766"}}, {"model": "backend.sensor", "pk": 144, "fields": {"home": 9, "name": "Cassette / CD Player", "description": "", "power_unit": "Wh", "date_created": "2016-02-28T15:44:55.769"}}, {"model": "backend.sensor", "pk": 145, "fields": {"home": 9, "name": "Clock", "description": "", "power_unit": "Wh", "date_created": "2016-02-28T15:44:55.770"}}, {"model": "backend.sensor", "pk": 146, "fields": {"home": 9, "name": "Cordless telephone", "description": "", "power_unit": "Wh", "date_created": "2016-02-28T15:44:55.773"}}, {"model": "backend.sensor", "pk": 147, "fields": {"home": 9, "name": "Hi-Fi", "description": "", "power_unit": "Wh", "date_created": "2016-02-28T15:44:55.774"}}, {"model": "backend.sensor", "pk": 148, "fields": {"home": 9, "name": "Iron", "description": "", "power_unit": "Wh", "date_created": "2016-02-28T15:44:55.776"}}, {"model": "backend.sensor", "pk": 149, "fields": {"home": 9, "name": "Vacuum", "description": "", "power_unit": "Wh", "date_created": "2016-02-28T15:44:55.778"}}, {"model": "backend.sensor", "pk": 150, "fields": {"home": 9, "name": "Fax", "description": "", "power_unit": "Wh", "date_created": "2016-02-28T15:44:55.780"}}, {"model": "backend.sensor", "pk": 151, "fields": {"home": 9, "name": "Personal computer", "description": "", "power_unit": "Wh", "date_created": "2016-02-28T15:44:55.782"}}, {"model": "backend.sensor", "pk": 152, "fields": {"home": 9, "name": "Printer", "description": "", "power_unit": "Wh", "date_created": "2016-02-28T15:44:55.784"}}, {"model": "backend.sensor", "pk": 153, "fields": {"home": 9, "name": "TV 2", "description": "", "power_unit": "Wh", "date_created": "2016-02-28T15:44:55.786"}}, {"model": "backend.sensor", "pk": 154, "fields": {"home": 9, "name": "TV 3", "description": "", "power_unit": "Wh", "date_created": "2016-02-28T15:44:55.788"}}, {"model": "backend.sensor", "pk": 155, "fields": {"home": 9, "name": "VCR / DVD", "description": "", "power_unit": "Wh", "date_created": "2016-02-28T15:44:55.790"}}, {"model": "backend.sensor", "pk": 156, "fields": {"home": 9, "name": "TV Receiver box", "description": "", "power_unit": "Wh", "date_created": "2016-02-28T15:44:55.792"}}, {"model": "backend.sensor", "pk": 157, "fields": {"home": 9, "name": "Microwave", "description": "", "power_unit": "Wh", "date_created": "2016-02-28T15:44:55.794"}}, {"model": "backend.sensor", "pk": 158, "fields": {"home": 9, "name": "Kettle", "description": "", "power_unit": "Wh", "date_created": "2016-02-28T15:44:55.796"}}, {"model": "backend.sensor", "pk": 159, "fields": {"home": 9, "name": "Small cooking (group)", "description": "", "power_unit": "Wh", "date_created": "2016-02-28T15:44:55.798"}}, {"model": "backend.sensor", "pk": 160, "fields": {"home": 9, "name": "Tumble dryer", "description": "", "power_unit": "Wh", "date_created": "2016-02-28T15:44:55.800"}}, {"model": "backend.sensor", "pk": 161, "fields": {"home": 9, "name": "Electric shower", "description": "", "power_unit": "Wh", "date_created": "2016-02-28T15:44:55.802"}}, {"model": "backend.sensor", "pk": 162, "fields": {"home": 10, "name": "Fridge freezer", "description": "", "power_unit": "Wh", "date_created": "2016-02-28T15:44:55.805"}}, {"model": "backend.sensor", "pk": 163, "fields": {"home": 10, "name": "Refrigerator", "description": "", "power_unit": "Wh", "date_created": "2016-02-28T15:44:55.806"}}, {"model": "backend.sensor", "pk": 164, "fields": {"home": 10, "name": "Upright freezer", "description": "", "power_unit": "Wh", "date_created": "2016-02-28T15:44:55.808"}}, {"model": "backend.sensor", "pk": 165, "fields": {"home": 10, "name": "Cassette / CD Player", "description": "", "power_unit": "Wh", "date_created": "2016-02-28T15:44:55.810"}}, {"model": "backend.sensor", "pk": 166, "fields": {"home": 10, "name": "Clock", "description": "", "power_unit": "Wh", "date_created": "2016-02-28T15:44:55.813"}}, {"model": "backend.sensor", "pk": 167, "fields": {"home": 10, "name": "Cordless telephone", "description": "", "power_unit": "Wh", "date_created": "2016-02-28T15:44:55.814"}}, {"model": "backend.sensor", "pk": 168, "fields": {"home": 10, "name": "Hi-Fi", "description": "", "power_unit": "Wh", "date_created": "2016-02-28T15:44:55.817"}}, {"model": "backend.sensor", "pk": 169, "fields": {"home": 10, "name": "Iron", "description": "", "power_unit": "Wh", "date_created": "2016-02-28T15:44:55.818"}}, {"model": "backend.sensor", "pk": 170, "fields": {"home": 10, "name": "Vacuum", "description": "", "power_unit": "Wh", "date_created": "2016-02-28T15:44:55.821"}}, {"model": "backend.sensor", "pk": 171, "fields": {"home": 10, "name": "Personal computer", "description": "", "power_unit": "Wh", "date_created": "2016-02-28T15:44:55.822"}}, {"model": "backend.sensor", "pk": 172, "fields": {"home": 10, "name": "Printer", "description": "", "power_unit": "Wh", "date_created": "2016-02-28T15:44:55.824"}}, {"model": "backend.sensor", "pk": 173, "fields": {"home": 10, "name": "TV 1", "description": "", "power_unit": "Wh", "date_created": "2016-02-28T15:44:55.826"}}, {"model": "backend.sensor", "pk": 174, "fields": {"home": 10, "name": "VCR / DVD", "description": "", "power_unit": "Wh", "date_created": "2016-02-28T15:44:55.828"}}, {"model": "backend.sensor", "pk": 175, "fields": {"home": 10, "name": "TV Receiver box", "description": "", "power_unit": "Wh", "date_created": "2016-02-28T15:44:55.830"}}, {"model": "backend.sensor", "pk": 176, "fields": {"home": 10, "name": "Hob", "description": "", "power_unit": "Wh", "date_created": "2016-02-28T15:44:55.831"}}, {"model": "backend.sensor", "pk": 177, "fields": {"home": 10, "name": "Microwave", "description": "", "power_unit": "Wh", "date_created": "2016-02-28T15:44:55.834"}}, {"model": "backend.sensor", "pk": 178, "fields": {"home": 10, "name": "Kettle", "description": "", "power_unit": "Wh", "date_created": "2016-02-28T15:44:55.835"}}, {"model": "backend.sensor", "pk": 179, "fields": {"home": 10, "name": "Small cooking (group)", "description": "", "power_unit": "Wh", "date_created": "2016-02-28T15:44:55.838"}}, {"model": "backend.sensor", "pk": 180, "fields": {"home": 10, "name": "Washing machine", "description": "", "power_unit": "Wh", "date_created": "2016-02-28T15:44:55.839"}}, {"model": "backend.sensor", "pk": 181, "fields": {"home": 10, "name": "Electric shower", "description": "", "power_unit": "Wh", "date_created": "2016-02-28T15:44:55.841"}}, {"model": "backend.sensorstags", "pk": 1, "fields": {"sensor": 1, "tag": 2, "date_created": "2016-02-28T15:44:55.487"}}, {"model": "backend.sensorstags", "pk": 2, "fields": {"sensor": 2, "tag": 5, "date_created": "2016-02-28T15:44:55.489"}}, {"model": "backend.sensorstags", "pk": 3, "fields": {"sensor": 3, "tag": 6, "date_created": "2016-02-28T15:44:55.493"}}, {"model": "backend.sensorstags", "pk": 4, "fields": {"sensor": 4, "tag": 8, "date_created": "2016-02-28T15:44:55.495"}}, {"model": "backend.sensorstags", "pk": 5, "fields": {"sensor": 5, "tag": 9, "date_created": "2016-02-28T15:44:55.497"}}, {"model": "backend.sensorstags", "pk": 6, "fields": {"sensor": 6, "tag": 10, "date_created": "2016-02-28T15:44:55.499"}}, {"model": "backend.sensorstags", "pk": 7, "fields": {"sensor": 7, "tag": 11, "date_created": "2016-02-28T15:44:55.501"}}, {"model": "backend.sensorstags", "pk": 8, "fields": {"sensor": 8, "tag": 12, "date_created": "2016-02-28T15:44:55.503"}}, {"model": "backend.sensorstags", "pk": 9, "fields": {"sensor": 9, "tag": 15, "date_created": "2016-02-28T15:44:55.505"}}, {"model": "backend.sensorstags", "pk": 10, "fields": {"sensor": 10, "tag": 18, "date_created": "2016-02-28T15:44:55.506"}}, {"model": "backend.sensorstags", "pk": 11, "fields": {"sensor": 11, "tag": 19, "date_created": "2016-02-28T15:44:55.509"}}, {"model": "backend.sensorstags", "pk": 12, "fields": {"sensor": 12, "tag": 21, "date_created": "2016-02-28T15:44:55.511"}}, {"model": "backend.sensorstags", "pk": 13, "fields": {"sensor": 13, "tag": 23, "date_created": "2016-02-28T15:44:55.513"}}, {"model": "backend.sensorstags", "pk": 14, "fields": {"sensor": 14, "tag": 24, "date_created": "2016-02-28T15:44:55.515"}}, {"model": "backend.sensorstags", "pk": 15, "fields": {"sensor": 15, "tag": 26, "date_created": "2016-02-28T15:44:55.518"}}, {"model": "backend.sensorstags", "pk": 16, "fields": {"sensor": 16, "tag": 27, "date_created": "2016-02-28T15:44:55.520"}}, {"model": "backend.sensorstags", "pk": 17, "fields": {"sensor": 17, "tag": 31, "date_created": "2016-02-28T15:44:55.522"}}, {"model": "backend.sensorstags", "pk": 18, "fields": {"sensor": 18, "tag": 5, "date_created": "2016-02-28T15:44:55.525"}}, {"model": "backend.sensorstags", "pk": 19, "fields": {"sensor": 19, "tag": 6, "date_created": "2016-02-28T15:44:55.527"}}, {"model": "backend.sensorstags", "pk": 20, "fields": {"sensor": 20, "tag": 7, "date_created": "2016-02-28T15:44:55.529"}}, {"model": "backend.sensorstags", "pk": 21, "fields": {"sensor": 21, "tag": 8, "date_created": "2016-02-28T15:44:55.531"}}, {"model": "backend.sensorstags", "pk": 22, "fields": {"sensor": 22, "tag": 9, "date_created": "2016-02-28T15:44:55.533"}}, {"model": "backend.sensorstags", "pk": 23, "fields": {"sensor": 23, "tag": 10, "date_created": "2016-02-28T15:44:55.535"}}, {"model": "backend.sensorstags", "pk": 24, "fields": {"sensor": 24, "tag": 11, "date_created": "2016-02-28T15:44:55.537"}}, {"model": "backend.sensorstags", "pk": 25, "fields": {"sensor": 25, "tag": 12, "date_created": "2016-02-28T15:44:55.539"}}, {"model": "backend.sensorstags", "pk": 26, "fields": {"sensor": 26, "tag": 13, "date_created": "2016-02-28T15:44:55.541"}}, {"model": "backend.sensorstags", "pk": 27, "fields": {"sensor": 27, "tag": 14, "date_created": "2016-02-28T15:44:55.543"}}, {"model": "backend.sensorstags", "pk": 28, "fields": {"sensor": 28, "tag": 15, "date_created": "2016-02-28T15:44:55.545"}}, {"model": "backend.sensorstags", "pk": 29, "fields": {"sensor": 29, "tag": 16, "date_created": "2016-02-28T15:44:55.547"}}, {"model": "backend.sensorstags", "pk": 30, "fields": {"sensor": 30, "tag": 18, "date_created": "2016-02-28T15:44:55.549"}}, {"model": "backend.sensorstags", "pk": 31, "fields": {"sensor": 31, "tag": 19, "date_created": "2016-02-28T15:44:55.550"}}, {"model": "backend.sensorstags", "pk": 32, "fields": {"sensor": 32, "tag": 22, "date_created": "2016-02-28T15:44:55.553"}}, {"model": "backend.sensorstags", "pk": 33, "fields": {"sensor": 33, "tag": 23, "date_created": "2016-02-28T15:44:55.554"}}, {"model": "backend.sensorstags", "pk": 34, "fields": {"sensor": 34, "tag": 24, "date_created": "2016-02-28T15:44:55.556"}}, {"model": "backend.sensorstags", "pk": 35, "fields": {"sensor": 35, "tag": 27, "date_created": "2016-02-28T15:44:55.558"}}, {"model": "backend.sensorstags", "pk": 36, "fields": {"sensor": 36, "tag": 4, "date_created": "2016-02-28T15:44:55.561"}}, {"model": "backend.sensorstags", "pk": 37, "fields": {"sensor": 37, "tag": 5, "date_created": "2016-02-28T15:44:55.563"}}, {"model": "backend.sensorstags", "pk": 38, "fields": {"sensor": 38, "tag": 6, "date_created": "2016-02-28T15:44:55.565"}}, {"model": "backend.sensorstags", "pk": 39, "fields": {"sensor": 39, "tag": 7, "date_created": "2016-02-28T15:44:55.566"}}, {"model": "backend.sensorstags", "pk": 40, "fields": {"sensor": 40, "tag": 9, "date_created": "2016-02-28T15:44:55.569"}}, {"model": "backend.sensorstags", "pk": 41, "fields": {"sensor": 41, "tag": 10, "date_created": "2016-02-28T15:44:55.570"}}, {"model": "backend.sensorstags", "pk": 42, "fields": {"sensor": 42, "tag": 11, "date_created": "2016-02-28T15:44:55.572"}}, {"model": "backend.sensorstags", "pk": 43, "fields": {"sensor": 43, "tag": 13, "date_created": "2016-02-28T15:44:55.574"}}, {"model": "backend.sensorstags", "pk": 44, "fields": {"sensor": 44, "tag": 14, "date_created": "2016-02-28T15:44:55.575"}}, {"model": "backend.sensorstags", "pk": 45, "fields": {"sensor": 45, "tag": 15, "date_created": "2016-02-28T15:44:55.577"}}, {"model": "backend.sensorstags", "pk": 46, "fields": {"sensor": 46, "tag": 18, "date_created": "2016-02-28T15:44:55.579"}}, {"model": "backend.sensorstags", "pk": 47, "fields": {"sensor": 47, "tag": 19, "date_created": "2016-02-28T15:44:55.581"}}, {"model": "backend.sensorstags", "pk": 48, "fields": {"sensor": 48, "tag": 20, "date_created": "2016-02-28T15:44:55.582"}}, {"model": "backend.sensorstags", "pk": 49, "fields": {"sensor": 49, "tag": 21, "date_created": "2016-02-28T15:44:55.584"}}, {"model": "backend.sensorstags", "pk": 50, "fields": {"sensor": 50, "tag": 22, "date_created": "2016-02-28T15:44:55.586"}}, {"model": "backend.sensorstags", "pk": 51, "fields": {"sensor": 51, "tag": 23, "date_created": "2016-02-28T15:44:55.588"}}, {"model": "backend.sensorstags", "pk": 52, "fields": {"sensor": 52, "tag": 24, "date_created": "2016-02-28T15:44:55.589"}}, {"model": "backend.sensorstags", "pk": 53, "fields": {"sensor": 53, "tag": 25, "date_created": "2016-02-28T15:44:55.591"}}, {"model": "backend.sensorstags", "pk": 54, "fields": {"sensor": 54, "tag": 26, "date_created": "2016-02-28T15:44:55.593"}}, {"model": "backend.sensorstags", "pk": 55, "fields": {"sensor": 55, "tag": 27, "date_created": "2016-02-28T15:44:55.595"}}, {"model": "backend.sensorstags", "pk": 56, "fields": {"sensor": 56, "tag": 31, "date_created": "2016-02-28T15:44:55.597"}}, {"model": "backend.sensorstags", "pk": 57, "fields": {"sensor": 57, "tag": 4, "date_created": "2016-02-28T15:44:55.600"}}, {"model": "backend.sensorstags", "pk": 58, "fields": {"sensor": 58, "tag": 5, "date_created": "2016-02-28T15:44:55.602"}}, {"model": "backend.sensorstags", "pk": 59, "fields": {"sensor": 59, "tag": 7, "date_created": "2016-02-28T15:44:55.603"}}, {"model": "backend.sensorstags", "pk": 60, "fields": {"sensor": 60, "tag": 8, "date_created": "2016-02-28T15:44:55.605"}}, {"model": "backend.sensorstags", "pk": 61, "fields": {"sensor": 61, "tag": 9, "date_created": "2016-02-28T15:44:55.607"}}, {"model": "backend.sensorstags", "pk": 62, "fields": {"sensor": 62, "tag": 11, "date_created": "2016-02-28T15:44:55.609"}}, {"model": "backend.sensorstags", "pk": 63, "fields": {"sensor": 63, "tag": 12, "date_created": "2016-02-28T15:44:55.610"}}, {"model": "backend.sensorstags", "pk": 64, "fields": {"sensor": 64, "tag": 13, "date_created": "2016-02-28T15:44:55.612"}}, {"model": "backend.sensorstags", "pk": 65, "fields": {"sensor": 65, "tag": 14, "date_created": "2016-02-28T15:44:55.614"}}, {"model": "backend.sensorstags", "pk": 66, "fields": {"sensor": 66, "tag": 18, "date_created": "2016-02-28T15:44:55.616"}}, {"model": "backend.sensorstags", "pk": 67, "fields": {"sensor": 67, "tag": 19, "date_created": "2016-02-28T15:44:55.617"}}, {"model": "backend.sensorstags", "pk": 68, "fields": {"sensor": 68, "tag": 20, "date_created": "2016-02-28T15:44:55.619"}}, {"model": "backend.sensorstags", "pk": 69, "fields": {"sensor": 69, "tag": 21, "date_created": "2016-02-28T15:44:55.621"}}, {"model": "backend.sensorstags", "pk": 70, "fields": {"sensor": 70, "tag": 22, "date_created": "2016-02-28T15:44:55.622"}}, {"model": "backend.sensorstags", "pk": 71, "fields": {"sensor": 71, "tag": 23, "date_created": "2016-02-28T15:44:55.624"}}, {"model": "backend.sensorstags", "pk": 72, "fields": {"sensor": 72, "tag": 24, "date_created": "2016-02-28T15:44:55.626"}}, {"model": "backend.sensorstags", "pk": 73, "fields": {"sensor": 73, "tag": 27, "date_created": "2016-02-28T15:44:55.628"}}, {"model": "backend.sensorstags", "pk": 74, "fields": {"sensor": 74, "tag": 2, "date_created": "2016-02-28T15:44:55.631"}}, {"model": "backend.sensorstags", "pk": 75, "fields": {"sensor": 75, "tag": 5, "date_created": "2016-02-28T15:44:55.633"}}, {"model": "backend.sensorstags", "pk": 76, "fields": {"sensor": 76, "tag": 7, "date_created": "2016-02-28T15:44:55.635"}}, {"model": "backend.sensorstags", "pk": 77, "fields": {"sensor": 77, "tag": 8, "date_created": "2016-02-28T15:44:55.637"}}, {"model": "backend.sensorstags", "pk": 78, "fields": {"sensor": 78, "tag": 9, "date_created": "2016-02-28T15:44:55.638"}}, {"model": "backend.sensorstags", "pk": 79, "fields": {"sensor": 79, "tag": 10, "date_created": "2016-02-28T15:44:55.640"}}, {"model": "backend.sensorstags", "pk": 80, "fields": {"sensor": 80, "tag": 11, "date_created": "2016-02-28T15:44:55.642"}}, {"model": "backend.sensorstags", "pk": 81, "fields": {"sensor": 81, "tag": 13, "date_created": "2016-02-28T15:44:55.644"}}, {"model": "backend.sensorstags", "pk": 82, "fields": {"sensor": 82, "tag": 14, "date_created": "2016-02-28T15:44:55.646"}}, {"model": "backend.sensorstags", "pk": 83, "fields": {"sensor": 83, "tag": 15, "date_created": "2016-02-28T15:44:55.648"}}, {"model": "backend.sensorstags", "pk": 84, "fields": {"sensor": 84, "tag": 16, "date_created": "2016-02-28T15:44:55.649"}}, {"model": "backend.sensorstags", "pk": 85, "fields": {"sensor": 85, "tag": 18, "date_created": "2016-02-28T15:44:55.651"}}, {"model": "backend.sensorstags", "pk": 86, "fields": {"sensor": 86, "tag": 19, "date_created": "2016-02-28T15:44:55.653"}}, {"model": "backend.sensorstags", "pk": 87, "fields": {"sensor": 87, "tag": 22, "date_created": "2016-02-28T15:44:55.655"}}, {"model": "backend.sensorstags", "pk": 88, "fields": {"sensor": 88, "tag": 23, "date_created": "2016-02-28T15:44:55.657"}}, {"model": "backend.sensorstags", "pk": 89, "fields": {"sensor": 89, "tag": 24, "date_created": "2016-02-28T15:44:55.658"}}, {"model": "backend.sensorstags", "pk": 90, "fields": {"sensor": 90, "tag": 26, "date_created": "2016-02-28T15:44:55.661"}}, {"model": "backend.sensorstags", "pk": 91, "fields": {"sensor": 91, "tag": 6, "date_created": "2016-02-28T15:44:55.664"}}, {"model": "backend.sensorstags", "pk": 92, "fields": {"sensor": 92, "tag": 8, "date_created": "2016-02-28T15:44:55.666"}}, {"model": "backend.sensorstags", "pk": 93, "fields": {"sensor": 93, "tag": 9, "date_created": "2016-02-28T15:44:55.667"}}, {"model": "backend.sensorstags", "pk": 94, "fields": {"sensor": 94, "tag": 10, "date_created": "2016-02-28T15:44:55.669"}}, {"model": "backend.sensorstags", "pk": 95, "fields": {"sensor": 95, "tag": 11, "date_created": "2016-02-28T15:44:55.671"}}, {"model": "backend.sensorstags", "pk": 96, "fields": {"sensor": 96, "tag": 13, "date_created": "2016-02-28T15:44:55.673"}}, {"model": "backend.sensorstags", "pk": 97, "fields": {"sensor": 97, "tag": 14, "date_created": "2016-02-28T15:44:55.675"}}, {"model": "backend.sensorstags", "pk": 98, "fields": {"sensor": 98, "tag": 15, "date_created": "2016-02-28T15:44:55.677"}}, {"model": "backend.sensorstags", "pk": 99, "fields": {"sensor": 99, "tag": 18, "date_created": "2016-02-28T15:44:55.678"}}, {"model": "backend.sensorstags", "pk": 100, "fields": {"sensor": 100, "tag": 19, "date_created": "2016-02-28T15:44:55.680"}}, {"model": "backend.sensorstags", "pk": 101, "fields": {"sensor": 101, "tag": 23, "date_created": "2016-02-28T15:44:55.682"}}, {"model": "backend.sensorstags", "pk": 102, "fields": {"sensor": 102, "tag": 24, "date_created": "2016-02-28T15:44:55.684"}}, {"model": "backend.sensorstags", "pk": 103, "fields": {"sensor": 103, "tag": 25, "date_created": "2016-02-28T15:44:55.686"}}, {"model": "backend.sensorstags", "pk": 104, "fields": {"sensor": 104, "tag": 27, "date_created": "2016-02-28T15:44:55.688"}}, {"model": "backend.sensorstags", "pk": 105, "fields": {"sensor": 105, "tag": 31, "date_created": "2016-02-28T15:44:55.689"}}, {"model": "backend.sensorstags", "pk": 106, "fields": {"sensor": 106, "tag": 2, "date_created": "2016-02-28T15:44:55.693"}}, {"model": "backend.sensorstags", "pk": 107, "fields": {"sensor": 107, "tag": 4, "date_created": "2016-02-28T15:44:55.694"}}, {"model": "backend.sensorstags", "pk": 108, "fields": {"sensor": 108, "tag": 5, "date_created": "2016-02-28T15:44:55.696"}}, {"model": "backend.sensorstags", "pk": 109, "fields": {"sensor": 109, "tag": 6, "date_created": "2016-02-28T15:44:55.698"}}, {"model": "backend.sensorstags", "pk": 110, "fields": {"sensor": 110, "tag": 7, "date_created": "2016-02-28T15:44:55.700"}}, {"model": "backend.sensorstags", "pk": 111, "fields": {"sensor": 111, "tag": 8, "date_created": "2016-02-28T15:44:55.702"}}, {"model": "backend.sensorstags", "pk": 112, "fields": {"sensor": 112, "tag": 9, "date_created": "2016-02-28T15:44:55.704"}}, {"model": "backend.sensorstags", "pk": 113, "fields": {"sensor": 113, "tag": 10, "date_created": "2016-02-28T15:44:55.706"}}, {"model": "backend.sensorstags", "pk": 114, "fields": {"sensor": 114, "tag": 11, "date_created": "2016-02-28T15:44:55.707"}}, {"model": "backend.sensorstags", "pk": 115, "fields": {"sensor": 115, "tag": 13, "date_created": "2016-02-28T15:44:55.709"}}, {"model": "backend.sensorstags", "pk": 116, "fields": {"sensor": 116, "tag": 15, "date_created": "2016-02-28T15:44:55.711"}}, {"model": "backend.sensorstags", "pk": 117, "fields": {"sensor": 117, "tag": 16, "date_created": "2016-02-28T15:44:55.713"}}, {"model": "backend.sensorstags", "pk": 118, "fields": {"sensor": 118, "tag": 19, "date_created": "2016-02-28T15:44:55.715"}}, {"model": "backend.sensorstags", "pk": 119, "fields": {"sensor": 119, "tag": 22, "date_created": "2016-02-28T15:44:55.717"}}, {"model": "backend.sensorstags", "pk": 120, "fields": {"sensor": 120, "tag": 23, "date_created": "2016-02-28T15:44:55.718"}}, {"model": "backend.sensorstags", "pk": 121, "fields": {"sensor": 121, "tag": 24, "date_created": "2016-02-28T15:44:55.722"}}, {"model": "backend.sensorstags", "pk": 122, "fields": {"sensor": 122, "tag": 27, "date_created": "2016-02-28T15:44:55.723"}}, {"model": "backend.sensorstags", "pk": 123, "fields": {"sensor": 123, "tag": 2, "date_created": "2016-02-28T15:44:55.727"}}, {"model": "backend.sensorstags", "pk": 124, "fields": {"sensor": 124, "tag": 5, "date_created": "2016-02-28T15:44:55.729"}}, {"model": "backend.sensorstags", "pk": 125, "fields": {"sensor": 125, "tag": 6, "date_created": "2016-02-28T15:44:55.731"}}, {"model": "backend.sensorstags", "pk": 126, "fields": {"sensor": 126, "tag": 7, "date_created": "2016-02-28T15:44:55.733"}}, {"model": "backend.sensorstags", "pk": 127, "fields": {"sensor": 127, "tag": 8, "date_created": "2016-02-28T15:44:55.734"}}, {"model": "backend.sensorstags", "pk": 128, "fields": {"sensor": 128, "tag": 10, "date_created": "2016-02-28T15:44:55.737"}}, {"model": "backend.sensorstags", "pk": 129, "fields": {"sensor": 129, "tag": 11, "date_created": "2016-02-28T15:44:55.738"}}, {"model": "backend.sensorstags", "pk": 130, "fields": {"sensor": 130, "tag": 12, "date_created": "2016-02-28T15:44:55.740"}}, {"model": "backend.sensorstags", "pk": 131, "fields": {"sensor": 131, "tag": 13, "date_created": "2016-02-28T15:44:55.742"}}, {"model": "backend.sensorstags", "pk": 132, "fields": {"sensor": 132, "tag": 15, "date_created": "2016-02-28T15:44:55.744"}}, {"model": "backend.sensorstags", "pk": 133, "fields": {"sensor": 133, "tag": 18, "date_created": "2016-02-28T15:44:55.746"}}, {"model": "backend.sensorstags", "pk": 134, "fields": {"sensor": 134, "tag": 19, "date_created": "2016-02-28T15:44:55.748"}}, {"model": "backend.sensorstags", "pk": 135, "fields": {"sensor": 135, "tag": 21, "date_created": "2016-02-28T15:44:55.750"}}, {"model": "backend.sensorstags", "pk": 136, "fields": {"sensor": 136, "tag": 22, "date_created": "2016-02-28T15:44:55.752"}}, {"model": "backend.sensorstags", "pk": 137, "fields": {"sensor": 137, "tag": 23, "date_created": "2016-02-28T15:44:55.754"}}, {"model": "backend.sensorstags", "pk": 138, "fields": {"sensor": 138, "tag": 24, "date_created": "2016-02-28T15:44:55.756"}}, {"model": "backend.sensorstags", "pk": 139, "fields": {"sensor": 139, "tag": 27, "date_created": "2016-02-28T15:44:55.758"}}, {"model": "backend.sensorstags", "pk": 140, "fields": {"sensor": 140, "tag": 31, "date_created": "2016-02-28T15:44:55.760"}}, {"model": "backend.sensorstags", "pk": 141, "fields": {"sensor": 141, "tag": 3, "date_created": "2016-02-28T15:44:55.763"}}, {"model": "backend.sensorstags", "pk": 142, "fields": {"sensor": 142, "tag": 4, "date_created": "2016-02-28T15:44:55.765"}}, {"model": "backend.sensorstags", "pk": 143, "fields": {"sensor": 143, "tag": 5, "date_created": "2016-02-28T15:44:55.767"}}, {"model": "backend.sensorstags", "pk": 144, "fields": {"sensor": 144, "tag": 6, "date_created": "2016-02-28T15:44:55.769"}}, {"model": "backend.sensorstags", "pk": 145, "fields": {"sensor": 145, "tag": 7, "date_created": "2016-02-28T15:44:55.771"}}, {"model": "backend.sensorstags", "pk": 146, "fields": {"sensor": 146, "tag": 8, "date_created": "2016-02-28T15:44:55.773"}}, {"model": "backend.sensorstags", "pk": 147, "fields": {"sensor": 147, "tag": 9, "date_created": "2016-02-28T15:44:55.775"}}, {"model": "backend.sensorstags", "pk": 148, "fields": {"sensor": 148, "tag": 10, "date_created": "2016-02-28T15:44:55.777"}}, {"model": "backend.sensorstags", "pk": 149, "fields": {"sensor": 149, "tag": 11, "date_created": "2016-02-28T15:44:55.779"}}, {"model": "backend.sensorstags", "pk": 150, "fields": {"sensor": 150, "tag": 12, "date_created": "2016-02-28T15:44:55.781"}}, {"model": "backend.sensorstags", "pk": 151, "fields": {"sensor": 151, "tag": 13, "date_created": "2016-02-28T15:44:55.783"}}, {"model": "backend.sensorstags", "pk": 152, "fields": {"sensor": 152, "tag": 14, "date_created": "2016-02-28T15:44:55.785"}}, {"model": "backend.sensorstags", "pk": 153, "fields": {"sensor": 153, "tag": 16, "date_created": "2016-02-28T15:44:55.787"}}, {"model": "backend.sensorstags", "pk": 154, "fields": {"sensor": 154, "tag": 17, "date_created": "2016-02-28T15:44:55.789"}}, {"model": "backend.sensorstags", "pk": 155, "fields": {"sensor": 155, "tag": 18, "date_created": "2016-02-28T15:44:55.791"}}, {"model": "backend.sensorstags", "pk": 156, "fields": {"sensor": 156, "tag": 19, "date_created": "2016-02-28T15:44:55.793"}}, {"model": "backend.sensorstags", "pk": 157, "fields": {"sensor": 157, "tag": 22, "date_created": "2016-02-28T15:44:55.795"}}, {"model": "backend.sensorstags", "pk": 158, "fields": {"sensor": 158, "tag": 23, "date_created": "2016-02-28T15:44:55.797"}}, {"model": "backend.sensorstags", "pk": 159, "fields": {"sensor": 159, "tag": 24, "date_created": "2016-02-28T15:44:55.799"}}, {"model": "backend.sensorstags", "pk": 160, "fields": {"sensor": 160, "tag": 26, "date_created": "2016-02-28T15:44:55.801"}}, {"model": "backend.sensorstags", "pk": 161, "fields": {"sensor": 161, "tag": 31, "date_created": "2016-02-28T15:44:55.802"}}, {"model": "backend.sensorstags", "pk": 162, "fields": {"sensor": 162, "tag": 2, "date_created": "2016-02-28T15:44:55.805"}}, {"model": "backend.sensorstags", "pk": 163, "fields": {"sensor": 163, "tag": 3, "date_created": "2016-02-28T15:44:55.807"}}, {"model": "backend.sensorstags", "pk": 164, "fields": {"sensor": 164, "tag": 4, "date_created": "2016-02-28T15:44:55.809"}}, {"model": "backend.sensorstags", "pk": 165, "fields": {"sensor": 165, "tag": 6, "date_created": "2016-02-28T15:44:55.811"}}, {"model": "backend.sensorstags", "pk": 166, "fields": {"sensor": 166, "tag": 7, "date_created": "2016-02-28T15:44:55.813"}}, {"model": "backend.sensorstags", "pk": 167, "fields": {"sensor": 167, "tag": 8, "date_created": "2016-02-28T15:44:55.815"}}, {"model": "backend.sensorstags", "pk": 168, "fields": {"sensor": 168, "tag": 9, "date_created": "2016-02-28T15:44:55.817"}}, {"model": "backend.sensorstags", "pk": 169, "fields": {"sensor": 169, "tag": 10, "date_created": "2016-02-28T15:44:55.819"}}, {"model": "backend.sensorstags", "pk": 170, "fields": {"sensor": 170, "tag": 11, "date_created": "2016-02-28T15:44:55.821"}}, {"model": "backend.sensorstags", "pk": 171, "fields": {"sensor": 171, "tag": 13, "date_created": "2016-02-28T15:44:55.823"}}, {"model": "backend.sensorstags", "pk": 172, "fields": {"sensor": 172, "tag": 14, "date_created": "2016-02-28T15:44:55.825"}}, {"model": "backend.sensorstags", "pk": 173, "fields": {"sensor": 173, "tag": 15, "date_created": "2016-02-28T15:44:55.826"}}, {"model": "backend.sensorstags", "pk": 174, "fields": {"sensor": 174, "tag": 18, "date_created": "2016-02-28T15:44:55.829"}}, {"model": "backend.sensorstags", "pk": 175, "fields": {"sensor": 175, "tag": 19, "date_created": "2016-02-28T15:44:55.830"}}, {"model": "backend.sensorstags", "pk": 176, "fields": {"sensor": 176, "tag": 20, "date_created": "2016-02-28T15:44:55.832"}}, {"model": "backend.sensorstags", "pk": 177, "fields": {"sensor": 177, "tag": 22, "date_created": "2016-02-28T15:44:55.834"}}, {"model": "backend.sensorstags", "pk": 178, "fields": {"sensor": 178, "tag": 23, "date_created": "2016-02-28T15:44:55.836"}}, {"model": "backend.sensorstags", "pk": 179, "fields": {"sensor": 179, "tag": 24, "date_created": "2016-02-28T15:44:55.838"}}, {"model": "backend.sensorstags", "pk": 180, "fields": {"sensor": 180, "tag": 27, "date_created": "2016-02-28T15:44:55.840"}}, {"model": "backend.sensorstags", "pk": 181, "fields": {"sensor": 181, "tag": 31, "date_created": "2016-02-28T15:44:55.842"}}]